seq_id,transition_time,from_emotion,to_emotion,from_duration,to_duration
0,2178,5,6,2178,132
0,2310,6,5,132,389
0,3348,5,6,244,1496
0,4844,6,3,1496,788
0,5632,3,6,788,8511
0,14143,6,5,8511,233
0,14376,5,6,233,972
0,15348,6,5,972,789
0,16137,5,6,789,1038
0,17175,6,5,1038,689
0,17864,5,6,689,89
0,17953,6,1,89,95
0,18048,1,6,95,362
0,18410,6,1,362,294
0,18704,1,6,294,2712
0,21416,6,5,2712,341
0,21757,5,6,341,685
0,22442,6,1,685,280
0,22722,1,6,280,17452
0,40174,6,4,17452,946
0,41120,4,6,946,11395
0,52515,6,1,11395,28
0,52543,1,6,28,1387
0,53930,6,4,1387,172
0,54102,4,6,172,6941
0,61043,6,5,6941,680
0,61723,5,6,680,10770
0,72493,6,1,10770,1157
0,73650,1,6,1157,2547
0,76197,6,5,2547,450
0,76647,5,6,450,19491
0,96138,6,5,19491,322
0,96460,5,6,322,7863
0,104323,6,5,7863,1569
0,105892,5,6,1569,2725
0,108617,6,5,2725,1127
0,109744,5,6,1127,5160
0,114904,6,5,5160,628
0,115532,5,6,628,6189
0,121721,6,5,6189,677
0,122398,5,6,677,21802
0,144200,6,5,21802,6755
0,150955,5,6,6755,7095
0,158050,6,5,7095,1428
0,159478,5,6,1428,2150
0,161628,6,1,2150,2686
0,166895,5,6,2581,39
0,166934,6,3,39,340
0,167274,3,6,340,545
0,167819,6,5,545,70
0,167889,5,6,70,14050
0,181939,6,4,14050,9823
0,191762,4,6,9823,464
0,192226,6,4,464,273
0,192499,4,6,273,406
0,192905,6,4,406,946
0,193851,4,6,946,478
0,194329,6,5,478,7789
0,202118,5,6,7789,7514
0,209632,6,4,7514,1076
0,210708,4,6,1076,1333
0,212041,6,5,1333,2591
0,219558,5,6,43,8173
0,227731,6,4,8173,1361
0,229092,4,6,1361,4889
0,233981,6,2,4889,1215
0,235196,2,6,1215,2771
0,237967,6,4,2771,1816
0,240143,1,6,360,21511
0,261654,6,1,21511,1172
0,262826,1,6,1172,103
0,262929,6,1,103,261
0,263190,1,6,261,650
0,263840,6,5,650,1925
0,265765,5,6,1925,903
0,266668,6,1,903,344
0,267547,4,6,535,443
0,267990,6,4,443,26
0,268130,5,6,114,2841
0,270971,6,5,2841,244
0,271215,5,6,244,12918
0,284133,6,1,12918,4575
0,288708,1,6,4575,5723
0,294431,6,5,5723,2340
0,296771,5,6,2340,4198
0,300969,6,5,4198,3003
0,303972,5,6,3003,880
0,304852,6,3,880,460
0,305312,3,6,460,7582
0,312894,6,1,7582,4930
0,317824,1,6,4930,17
0,317841,6,3,17,695
0,318536,3,6,695,94
0,318630,6,4,94,2294
0,320924,4,6,2294,42772
0,363696,6,4,42772,477
0,364173,4,6,477,4561
0,368734,6,4,4561,703
0,369437,4,6,703,629
0,370066,6,4,629,981
0,371047,4,6,981,570
0,371617,6,5,570,1489
0,373106,5,6,1489,6952
0,380058,6,1,6952,2671
0,388357,1,6,1896,1322
0,389679,6,4,1322,544
0,390223,4,6,544,242
0,390465,6,1,242,941
0,391406,1,6,941,3521
0,394927,6,5,3521,2700
0,397627,5,6,2700,3676
0,401303,6,5,3676,1652
0,402955,5,6,1652,12862
0,415817,6,3,12862,813
0,416630,3,6,813,4328
0,420958,6,3,4328,6388
0,428656,4,6,354,129
0,428785,6,4,129,562
0,430171,3,6,824,307
0,430478,6,4,307,804
0,431282,4,6,804,1480
0,432762,6,5,1480,71
0,432833,5,6,71,3952
0,436785,6,5,3952,272
0,437057,5,6,272,1582
0,438639,6,4,1582,308
0,438947,4,6,308,4389
0,443336,6,5,4389,3501
0,446837,5,6,3501,374
0,447211,6,5,374,114
0,447325,5,6,114,3172
0,450497,6,5,3172,248
0,450745,5,6,248,337
0,451082,6,4,337,3309
0,454391,4,6,3309,859
0,455250,6,3,859,4670
0,459920,3,6,4670,880
0,460800,6,3,880,353
0,461153,3,6,353,731
0,461884,6,3,731,1895
0,463779,3,6,1895,324
0,464103,6,4,324,227
0,464330,4,6,227,756
0,465086,6,4,756,390
0,465476,4,6,390,675
0,466151,6,4,675,4198
0,470349,4,6,4198,146
0,470495,6,5,146,224
0,470719,5,6,224,47
0,470766,6,4,47,120
0,470886,4,6,120,164
0,471050,6,4,164,890
0,471940,4,6,890,2336
0,474276,6,5,2336,5195
0,481882,4,6,2411,554
0,482436,6,5,554,277
0,482713,5,6,277,374
0,483087,6,4,374,290
0,483377,4,6,290,982
0,484359,6,4,982,4613
0,488972,4,6,4613,4640
0,493612,6,5,4640,574
0,494186,5,6,574,2108
0,496294,6,5,2108,183
0,496477,5,6,183,4248
0,500725,6,5,4248,228
0,500953,5,6,228,261
0,501214,6,4,261,2354
0,503568,4,6,2354,1090
0,504658,6,5,1090,397
0,505055,5,6,397,3511
0,508566,6,5,3511,85
0,508651,5,6,85,2244
0,510895,6,5,2244,166
0,511061,5,6,166,1340
0,512401,6,5,1340,262
0,519699,4,6,7036,5239
0,524938,6,5,5239,919
0,526136,4,6,279,1712
0,527848,6,4,1712,200
0,528048,4,6,200,24300
0,552348,6,5,24300,1244
0,553592,5,6,1244,860
0,554452,6,4,860,278
0,554730,4,6,278,96
0,554826,6,5,96,399
0,556883,5,6,731,800
0,557683,6,5,800,1023
0,558706,5,6,1023,464
0,559170,6,5,464,120
0,559290,5,6,120,5989
0,565279,6,5,5989,6
0,565285,5,6,6,275
0,565560,6,5,275,717
0,566277,5,6,717,10658
0,576935,6,5,10658,252
0,577187,5,6,252,429
0,577616,6,5,429,354
0,578216,2,6,246,241
0,578457,6,4,241,2060
0,580517,4,6,2060,1663
0,582180,6,4,1663,410
0,585390,5,6,2800,748
0,586138,6,5,748,2045
0,588183,5,6,2045,138
0,588321,6,5,138,7052
0,595373,5,6,7052,322
0,595695,6,5,322,638
0,596333,5,6,638,6
0,596339,6,5,6,306
0,596645,5,6,306,166
0,596811,6,5,166,263
0,597074,5,6,263,926
0,598000,6,1,926,31
0,598031,1,6,31,283
0,598314,6,5,283,464
0,598778,5,6,464,16059
0,614837,6,4,16059,2520
0,617357,4,6,2520,725
0,618082,6,4,725,1516
0,619598,4,6,1516,6744
0,626342,6,5,6744,566
0,626908,5,6,566,168
0,627076,6,4,168,1235
0,628311,4,6,1235,7863
0,636174,6,4,7863,72
0,636246,4,6,72,2765
0,639011,6,5,2765,147
0,639158,5,6,147,415
0,639573,6,5,415,560
0,640133,5,6,560,2090
0,642223,6,5,2090,191
0,642414,5,6,191,239
0,642653,6,5,239,510
0,643163,5,6,510,107
0,643270,6,5,107,1674
0,644944,5,6,1674,5168
0,650112,6,4,5168,2429
0,652541,4,6,2429,11205
0,663746,6,5,11205,502
0,664248,5,6,502,10089
0,674337,6,5,10089,330
0,674667,5,6,330,164
0,674831,6,4,164,84
0,674915,4,6,84,421
0,675336,6,4,421,129
0,675465,4,6,129,500
0,675965,6,5,500,157
0,676122,5,6,157,1195
0,677317,6,5,1195,468
0,679111,3,6,1131,7899
0,687010,6,5,7899,735
0,687745,5,6,735,4036
0,691781,6,5,4036,1709
0,693490,5,6,1709,1624
0,695114,6,5,1624,475
0,695589,5,6,475,13219
0,708808,6,5,13219,1068
0,709876,5,6,1068,152
0,710028,6,5,152,340
0,710368,5,6,340,204
0,710572,6,5,204,471
0,711043,5,6,471,378
0,711421,6,5,378,629
0,712050,5,6,629,126
0,712176,6,4,126,168
0,712726,4,6,338,1622
0,714348,6,5,1622,600
0,714948,5,6,600,632
0,715580,6,2,632,269
0,715849,2,6,269,1321
0,717170,6,2,1321,230
0,717400,2,6,230,2101
0,719501,6,4,2101,548
0,720049,4,6,548,467
0,720516,6,5,467,729
0,721245,5,6,729,376
0,721621,6,5,376,751
0,722372,5,6,751,1167
0,723539,6,4,1167,528
0,724067,4,6,528,674
0,724741,6,5,674,238
0,724979,5,6,238,4768
0,729747,6,5,4768,285
0,731582,2,6,973,162
0,731744,6,1,162,628
0,732372,1,6,628,2662
0,735034,6,4,2662,397
0,735682,2,6,251,25
0,735707,6,4,25,198
0,735905,4,6,198,78
0,735983,6,2,78,183
0,736166,2,6,183,529
0,736695,6,5,529,1167
0,737958,4,6,96,1572
0,739530,6,4,1572,5447
0,744977,4,6,5447,2259
0,747236,6,5,2259,736
0,747972,5,6,736,1655
0,749627,6,5,1655,427
0,750054,5,6,427,1845
0,751899,6,5,1845,869
0,752768,5,6,869,1030
0,753798,6,4,1030,2427
0,756225,4,6,2427,1599
0,757824,6,4,1599,577
0,758401,4,6,577,2085
0,760486,6,5,2085,372
0,760858,5,6,372,11816
0,772674,6,4,11816,1601
0,774275,4,6,1601,12178
0,786453,6,4,12178,168
0,786621,4,6,168,1609
0,788230,6,5,1609,85
0,788315,5,6,85,3402
0,791717,6,5,3402,159
0,791876,5,6,159,8776
0,800652,6,5,8776,416
0,801068,5,6,416,6922
0,807990,6,5,6922,274
0,808264,5,6,274,35160
0,843424,6,3,35160,1522
0,844946,3,6,1522,1385
0,846331,6,3,1385,1104
0,851075,6,2,3427,204
0,851279,2,6,204,1188
0,852467,6,3,1188,571
0,853038,3,6,571,301
0,853339,6,2,301,407
0,853746,2,6,407,34311
0,888057,6,2,34311,16637
0,904694,2,6,16637,4931
0,909625,6,4,4931,41641
0,951374,5,6,108,8
0,951382,6,1,8,172
0,951554,1,6,172,483
0,952037,6,5,483,57
0,952094,5,6,57,493
0,952587,6,4,493,1058
0,953645,4,6,1058,2123
0,955768,6,5,2123,433
0,956201,5,6,433,2116
0,958317,6,1,2116,286
0,958603,1,6,286,520
0,959123,6,5,520,408
0,959531,5,6,408,134
0,959665,6,5,134,583
0,960248,5,6,583,347
0,960595,6,4,347,95
0,960690,4,6,95,446
0,961136,6,1,446,1262
0,962398,1,6,1262,1098
0,963496,6,5,1098,844
0,972968,2,6,3972,449
0,973417,6,2,449,149
0,973566,2,6,149,1698
0,975264,6,2,1698,402
0,975666,2,6,402,806
0,976472,6,1,806,2305
0,978777,1,6,2305,3227
0,982004,6,5,3227,20151
0,1002155,5,6,20151,20786
0,1022941,6,4,20786,948
0,1023889,4,6,948,2647
0,1026536,6,5,2647,38946
0,1065482,5,6,38946,38253
0,1103735,6,4,38253,201
0,1103936,4,6,201,2623
0,1106559,6,4,2623,2691
0,1109250,4,6,2691,9856
0,1119106,6,4,9856,2036
0,1121142,4,6,2036,253
0,1121395,6,4,253,418
0,1121813,4,6,418,900
0,1122713,6,3,900,368
0,1123720,5,6,113,8245
0,1131965,6,3,8245,1370
0,1133335,3,6,1370,2616
0,1141788,6,4,4864,326
0,1142114,4,6,326,38815
1,4079,1,6,456,383
1,4462,6,1,383,341
1,4803,1,6,341,1129
1,61673,1,6,495,1203
1,63086,6,2,160,90
1,69945,6,2,3820,3332
1,73277,2,6,3332,217
1,73494,6,2,217,1115
1,74609,2,6,1115,149
1,76483,2,6,809,384
1,76867,6,5,384,395
1,81315,2,6,277,1593
1,82908,6,2,1593,130
1,83881,6,2,176,197
1,85917,6,2,385,19
1,85936,2,6,19,1193
1,87129,6,2,1193,554
1,92335,6,2,2644,215
1,92550,2,6,215,1522
1,138950,6,2,183,127
1,139243,6,2,142,132
1,143588,6,3,2476,81
1,143669,3,6,81,84438
1,228107,6,4,84438,63
1,228170,4,6,63,874
1,229044,6,4,874,48
1,229092,4,6,48,525
1,229617,6,4,525,294
1,229911,4,6,294,18270
1,248181,6,2,18270,18360
1,266541,2,6,18360,23825
1,320183,6,4,29557,140
1,325759,6,4,2881,37
1,328554,2,6,62,892
1,329446,6,4,892,87
1,330834,6,2,1245,106
1,335654,4,6,1259,459
1,336113,6,4,459,170
1,341269,6,4,556,206
1,341475,4,6,206,371
1,342778,6,4,551,104
1,342882,4,6,104,784
1,343854,6,4,91,160
1,347552,6,4,72,131
1,349297,4,6,472,403
1,349700,6,4,403,415
1,350115,4,6,415,110
1,350225,6,4,110,1068
1,354001,4,6,231,926
1,354927,6,4,926,845
1,355772,4,6,845,917
1,356689,6,4,917,192
1,357170,6,4,259,44
1,357214,4,6,44,17
1,357231,6,4,17,21
1,357267,6,4,11,30
1,357297,4,6,30,109
1,357406,6,4,109,393
1,431012,6,2,12538,54
1,431132,4,6,66,308
1,431440,6,2,308,119
1,431559,2,6,119,593
1,432152,6,2,593,231
1,444350,2,6,150,1100
1,445450,6,2,1100,130
1,445580,2,6,130,1119
1,462994,6,3,4589,145
1,463369,6,3,160,59
1,463428,3,6,59,201
1,463629,6,3,201,15
1,463644,3,6,15,289
1,493641,5,6,14234,1053
1,494694,6,5,1053,435
1,528110,3,6,101,4738
1,537508,3,6,210,2545
1,552306,6,4,2239,444
1,558704,4,6,40,4366
1,577101,4,6,6481,2594
1,579695,6,5,2594,3459
1,583154,5,6,3459,54
1,583208,6,5,54,1665
1,596559,4,6,5765,959
1,597518,6,4,959,58
1,597576,4,6,58,206
1,597782,6,4,206,15
1,597797,4,6,15,596
1,598393,6,4,596,180
1,598573,4,6,180,911
1,599484,6,2,911,364
1,599848,2,6,364,322
1,600170,6,4,322,380
1,600550,4,6,380,713
1,601263,6,5,713,185
1,601533,4,6,73,242
1,611263,2,6,372,656
1,611919,6,4,656,1059
1,618659,6,4,104,329
1,660942,5,6,49,165
1,661107,6,2,165,116
1,661223,2,6,116,146
1,661369,6,2,146,168
1,661537,2,6,168,96
1,661633,6,2,96,154
1,662084,5,6,154,417
1,664685,2,6,221,413
1,665373,6,2,107,253
1,668564,5,6,177,1523
1,670087,6,2,1523,1288
1,671375,2,6,1288,941
1,672316,6,2,941,148
1,672464,2,6,148,128
1,672592,6,5,128,386
1,673039,2,6,61,369
1,673408,6,2,369,65
1,675137,6,2,1651,795
1,675960,4,6,28,1458
1,677418,6,3,1458,1571
1,678989,3,6,1571,169
1,679158,6,3,169,1710
1,680868,3,6,1710,4916
1,686750,2,6,267,518
1,688233,6,2,141,114
1,688347,2,6,114,4992
1,693339,6,5,4992,483
1,694291,4,6,469,2301
1,696592,6,2,2301,147
1,696739,2,6,147,1183
1,697922,6,2,1183,55
1,697977,2,6,55,1381
1,701871,2,6,122,667
1,702538,6,5,667,75
1,702613,5,6,75,86
1,702699,6,2,86,171
1,703736,6,2,153,56
1,703903,2,6,94,311
1,704214,6,2,311,148
1,704362,2,6,148,1159
1,705521,6,2,1159,1557
1,707078,2,6,1557,2546
1,709624,6,5,2546,721
1,710345,5,6,721,196
1,710541,6,2,196,104
1,710645,2,6,104,142
1,710787,6,5,142,113
1,715710,3,6,167,78
1,715788,6,3,78,547
1,716335,3,6,547,133
1,716468,6,5,133,170
1,717177,3,6,154,168
1,717345,6,3,168,163
1,718354,3,6,784,462
1,718816,6,3,462,64
1,718880,3,6,64,1
1,718881,6,2,1,214
1,727919,5,6,123,262
1,728181,6,2,262,122
1,728303,2,6,122,115
1,728418,6,2,115,129
1,728547,2,6,129,608
1,729155,6,2,608,21
1,729176,2,6,21,21
1,729197,6,2,21,955
1,734815,3,6,165,239
1,735054,6,3,239,4
1,735058,3,6,4,17
1,735075,6,3,17,264
1,767979,5,6,19611,20714
1,788693,6,4,20714,239
1,788932,4,6,239,813
1,789745,6,2,813,260
1,808131,6,4,363,71499
2,12734,6,1,12273,211
2,12945,1,6,211,1074
2,14019,6,1,1074,19
2,14038,1,6,19,2892
2,16930,6,1,2892,426
2,17356,1,6,426,126
2,17482,6,5,126,360
2,17842,5,6,360,1278
2,19120,6,1,1278,183
2,19303,1,6,183,6511
2,25814,6,1,6511,396
2,26210,1,6,396,79657
2,105867,6,1,79657,261
2,106128,1,6,261,67802
2,339154,6,1,110562,339
2,339493,1,6,339,23673
2,428880,3,6,19378,2688
2,431568,6,4,2688,710
2,432278,4,6,710,2238
2,437112,6,1,554,6227
2,443339,1,6,6227,6184
2,456800,6,1,1245,2828
2,459628,1,6,2828,589
2,460217,6,1,589,923
2,461140,1,6,923,23374
2,484514,6,1,23374,396
2,484910,1,6,396,357
2,485267,6,1,357,320
2,485587,1,6,320,51
2,485638,6,1,51,245
2,485883,1,6,245,141
2,486024,6,1,141,7536
2,493560,1,6,7536,11427
2,504987,6,1,11427,933
2,505920,1,6,933,1267
2,507187,6,1,1267,553
2,507740,1,6,553,720
2,508460,6,1,720,319
2,508779,1,6,319,75
2,508854,6,1,75,1681
2,510535,1,6,1681,216
2,510751,6,1,216,1118
2,511869,1,6,1118,159
2,512028,6,1,159,469
2,512497,1,6,469,40302
2,552799,6,1,40302,148
2,557448,5,6,4501,536
2,557984,6,4,536,168
2,577460,1,6,19308,7097
2,584557,6,5,7097,12251
2,596808,5,6,12251,1060
2,597868,6,5,1060,339
2,598207,5,6,339,212
2,598419,6,4,212,320
2,598739,4,6,320,216
2,598955,6,1,216,14850
2,613805,1,6,14850,35066
2,648871,6,3,35066,12458
2,661329,3,6,12458,5
2,661334,6,4,5,14193
2,675752,3,6,209,1539
2,677291,6,1,1539,85
2,678925,3,6,1200,30570
2,709495,6,3,30570,32
2,709527,3,6,32,367
2,709894,6,5,367,239
2,710133,5,6,239,5101
2,715234,6,5,5101,117
2,716597,3,6,1246,2430
2,719027,6,5,2430,2048
2,721075,5,6,2048,4613
2,725688,6,2,4613,230
2,726194,3,6,276,7592
2,733786,6,1,7592,98
2,734784,3,6,900,400
2,735184,6,3,400,1265
2,736449,3,6,1265,14597
2,751046,6,1,14597,11707
2,762753,1,6,11707,1361
2,764114,6,1,1361,76
2,764190,1,6,76,11596
2,775786,6,4,11596,33246
2,834109,3,6,13192,707
2,951399,6,1,36,3158
2,958252,1,6,173,285
2,1024616,6,4,348,958
2,1025574,4,6,958,4831
2,1123137,1,6,163,1060
2,1133079,1,6,42,710
2,1133789,6,1,710,4365
2,1138154,1,6,4365,4392
2,1152448,6,1,2794,11
2,1156219,4,6,32,7270
3,2971,2,6,203,98
3,3069,6,4,98,271
3,3340,4,6,271,15
3,3355,6,5,15,309
3,3664,5,6,309,1635
3,5299,6,3,1635,1029
3,6328,3,6,1029,512
3,6840,6,3,512,452
3,7292,3,6,452,8228
3,15520,6,5,8228,874
3,16394,5,6,874,1078
3,17472,6,5,1078,462
3,17934,5,6,462,103
3,18037,6,5,103,101
3,18138,5,6,101,13701
3,31839,6,4,13701,385
3,32224,4,6,385,8341
3,40565,6,4,8341,646
3,41211,4,6,646,31933
3,73144,6,5,31933,153
3,73297,5,6,153,3331
3,76628,6,5,3331,173
3,76801,5,6,173,28253
3,105054,6,1,28253,100
3,105154,1,6,100,4269
3,109423,6,5,4269,512
3,109935,5,6,512,343
3,110278,6,5,343,383
3,110661,5,6,383,3048
3,113709,6,5,3048,1495
3,115204,5,6,1495,52704
3,167908,6,4,52704,23772
3,191680,4,6,23772,1803
3,193483,6,4,1803,3261
3,196744,4,6,3261,84
3,196828,6,5,84,3666
3,200494,5,6,3666,309
3,200803,6,5,309,1206
3,202009,5,6,1206,4006
3,206015,6,4,4006,196
3,206211,4,6,196,236
3,206447,6,4,236,1524
3,207971,4,6,1524,154
3,208125,6,4,154,457
3,208582,4,6,457,284
3,208866,6,4,284,988
3,209854,4,6,988,1339
3,211193,6,5,1339,2658
3,213851,5,6,2658,322
3,214173,6,5,322,9571
3,229303,4,6,5559,2490
3,231793,6,1,2490,17368
3,249161,1,6,17368,15209
3,264370,6,5,15209,1679
3,266049,5,6,1679,1827
3,267876,6,4,1827,3391
3,271267,4,6,3391,63
3,271330,6,2,63,3688
3,275018,2,6,3688,784
3,275802,6,1,784,799
3,276601,1,6,799,2268
3,278869,6,5,2268,188
3,279057,5,6,188,1065
3,280122,6,5,1065,2728
3,290700,4,6,1965,17203
3,307903,6,5,17203,5446
3,313349,5,6,5446,49313
3,362662,6,4,49313,1833
3,364495,4,6,1833,5610
3,370105,6,4,5610,1469
3,371574,4,6,1469,4932
3,376506,6,4,4932,1026
3,377532,4,6,1026,4691
3,382223,6,1,4691,5580
3,387803,1,6,5580,1543
3,389346,6,4,1543,1043
3,390525,2,6,136,442
3,390967,6,5,442,1753
3,396654,1,6,2185,2476
3,399130,6,5,2476,5494
3,404624,5,6,5494,2079
3,406703,6,5,2079,837
3,407540,5,6,837,315
3,407855,6,5,315,2301
3,410237,1,6,81,3634
3,413871,6,5,3634,100
3,413971,5,6,100,170
3,414141,6,5,170,1009
3,415150,5,6,1009,13909
3,429059,6,5,13909,227
3,429877,3,6,33,145
3,430022,6,3,145,398
3,430420,3,6,398,407
3,430827,6,4,407,116
3,430943,4,6,116,138
3,431081,6,3,138,139
3,431220,3,6,139,5846
3,437066,6,5,5846,355
3,437421,5,6,355,3707
3,441128,6,5,3707,16
3,441144,5,6,16,801
3,441945,6,5,801,179
3,442124,5,6,179,1499
3,443623,6,5,1499,1251
3,444874,5,6,1251,588
3,445462,6,5,588,441
3,445903,5,6,441,125
3,446028,6,5,125,1111
3,447139,5,6,1111,8071
3,455210,6,5,8071,2468
3,458387,1,6,709,123
3,458510,6,3,123,706
3,459216,3,6,706,3536
3,462752,6,4,3536,1042
3,463794,4,6,1042,612
3,464406,6,4,612,477
3,464883,4,6,477,200
3,465083,6,4,200,603
3,465686,4,6,603,153
3,465839,6,4,153,820
3,466659,4,6,820,1261
3,467920,6,4,1261,211
3,468131,4,6,211,415
3,468546,6,4,415,2099
3,470645,4,6,2099,127
3,470772,6,5,127,240
3,471498,4,6,486,6954
3,478452,6,3,6954,6814
3,485266,3,6,6814,19
3,485285,6,2,19,1358
3,486643,2,6,1358,18860
3,505503,6,5,18860,280
3,505783,5,6,280,1198
3,506981,6,5,1198,4131
3,525639,4,6,12483,497
3,526136,6,4,497,371
3,526507,4,6,371,1259
3,527766,6,4,1259,1017
3,528783,4,6,1017,24935
3,553718,6,4,24935,1600
3,555318,4,6,1600,1474
3,556792,6,5,1474,2798
3,559590,5,6,2798,5539
3,565129,6,4,5539,936
3,566065,4,6,936,11740
3,577805,6,5,11740,485
3,578290,5,6,485,4278
3,582568,6,5,4278,3078
3,585646,5,6,3078,683
3,586329,6,2,683,127
3,586456,2,6,127,8102
3,594558,6,5,8102,2370
3,597975,4,6,1047,575
3,598550,6,5,575,339
3,598889,5,6,339,15658
3,614547,6,5,15658,339
3,614886,5,6,339,372
3,615258,6,5,372,275
3,615533,5,6,275,2870
3,618403,6,4,2870,1071
3,619474,4,6,1071,18475
3,637949,6,4,18475,30
3,637979,4,6,30,869
3,638848,6,4,869,105
3,638953,4,6,105,4885
3,643838,6,5,4885,597
3,644435,5,6,597,763
3,645198,6,5,763,41
3,648067,5,6,2684,127
3,648194,6,5,127,231
3,648425,5,6,231,1985
3,650410,6,4,1985,168
3,650578,4,6,168,12849
3,663427,6,4,12849,5
3,663432,4,6,5,13737
3,677169,6,5,13737,1052
3,678221,5,6,1052,203
3,678424,6,4,203,987
3,679411,4,6,987,30497
3,709908,6,4,30497,272
3,710706,3,6,526,251
3,710957,6,5,251,416
3,711373,5,6,416,102
3,711475,6,5,102,585
3,712060,5,6,585,562
3,712622,6,2,562,71
3,712693,2,6,71,580
3,713273,6,4,580,155
3,713428,4,6,155,549
3,713977,6,4,549,503
3,714480,4,6,503,728
3,715208,6,4,728,1085
3,716293,4,6,1085,343
3,716636,6,4,343,737
3,717568,3,6,195,70
3,717638,6,3,70,423
3,718061,3,6,423,1593
3,719654,6,4,1593,288
3,719942,4,6,288,38
3,719980,6,3,38,58
3,720387,4,6,349,545
3,720932,6,4,545,110
3,721042,4,6,110,403
3,721445,6,4,403,177
3,721622,4,6,177,881
3,722503,6,4,881,304
3,722807,4,6,304,986
3,723793,6,3,986,410
3,724905,4,6,448,1278
3,726183,6,3,1278,183
3,726646,4,6,280,1053
3,727699,6,4,1053,443
3,728142,4,6,443,1738
3,729880,6,4,1738,197
3,730400,2,6,323,594
3,730994,6,4,594,2845
3,733839,4,6,2845,1613
3,735452,6,4,1613,536
3,735988,4,6,536,127
3,736115,6,4,127,95
3,736210,4,6,95,1355
3,737565,6,4,1355,798
3,738363,4,6,798,590
3,738953,6,4,590,831
3,739784,4,6,831,300
3,740084,6,4,300,16
3,740100,4,6,16,347
3,740447,6,4,347,22848
3,763794,3,6,499,36407
3,800201,6,5,36407,2682
3,802883,5,6,2682,6012
3,808895,6,5,6012,6748
3,824620,2,6,8977,832
3,825452,6,2,832,1074
3,826526,2,6,1074,747
3,827273,6,2,747,46900
3,874173,2,6,46900,41699
3,915872,6,3,41699,207
3,916079,3,6,207,907
3,917520,4,6,200,3797
3,921317,6,3,3797,316
3,921633,3,6,316,3165
3,924798,6,2,3165,2572
3,927370,2,6,2572,24471
3,951841,6,5,24471,455
3,952296,5,6,455,315
3,952611,6,5,315,40188
3,992799,5,6,40188,125948
3,1118747,6,4,125948,4860
3,1123607,4,6,4860,255
3,1123862,6,4,255,106
3,1123968,4,6,106,53713
3,1177681,6,4,53713,869
3,1178550,4,6,869,171
3,1178721,6,4,171,412
3,1179133,4,6,412,379
3,1179512,6,3,379,496
4,6590,6,1,6590,111
4,6701,1,6,111,169
4,13309,6,2,5846,77
4,13386,2,6,77,413
4,13799,6,2,413,320
4,14119,2,6,320,4
4,14123,6,2,4,12
4,14135,2,6,12,275
4,14410,6,5,275,356
4,14858,2,6,92,738
4,15596,6,5,738,502
4,18324,5,6,73,202
4,18526,6,2,202,23
4,18549,2,6,23,45
4,18594,6,2,45,166
4,19197,6,2,404,311
4,19754,6,2,177,407
4,20161,2,6,407,418
4,20579,6,2,418,242
4,20821,2,6,242,1048
4,21869,6,2,1048,341
4,22210,2,6,341,144
4,22354,6,2,144,621
4,22975,2,6,621,1104
4,24463,5,6,379,44032
4,68495,6,5,44032,2060
4,70555,5,6,2060,160
4,70715,6,5,160,244
4,70959,5,6,244,1237
4,72196,6,4,1237,37
4,72233,4,6,37,416
4,72649,6,5,416,214
4,72863,5,6,214,197
4,73060,6,5,197,63
4,73123,5,6,63,705
4,73828,6,5,705,173
4,74001,5,6,173,2027
4,76028,6,5,2027,654
4,76682,5,6,654,153278
4,229960,6,4,153278,18467
4,248427,4,6,18467,18275
4,266702,6,4,18275,74
4,266871,5,6,93,11954
4,290831,2,6,222,38291
4,329122,6,4,38291,278
4,329400,4,6,278,5494
4,334894,6,4,5494,170
4,335064,4,6,170,202
4,335266,6,4,202,2
4,335268,4,6,2,13
4,335281,6,4,13,76
4,335357,4,6,76,24803
4,387228,5,6,22716,19195
4,406423,6,2,19195,100
4,406523,2,6,100,672
4,407195,6,4,672,12769
4,419964,4,6,12769,16703
4,436667,6,5,16703,169
4,443694,6,5,3169,220
4,443914,5,6,220,44
4,443958,6,5,44,23
4,443981,5,6,23,17
4,443998,6,5,17,88
4,444086,5,6,88,2478
4,446564,6,4,2478,8730
4,455294,4,6,8730,10248
4,465542,6,4,10248,14136
4,479678,4,6,14136,13
4,479691,6,1,13,14165
4,493856,1,6,14165,3708
4,497564,6,4,3708,3868
4,501432,4,6,3868,51164
4,552596,6,4,51164,146
4,582629,5,6,14889,1990
4,584619,6,5,1990,36
4,584655,5,6,36,19
4,584674,6,5,19,31
4,584827,1,6,122,71
4,584898,6,1,71,59
4,585189,5,6,232,12523
4,597712,6,4,12523,464
4,598176,4,6,464,5
4,598181,6,4,5,28
4,598209,4,6,28,546
4,598755,6,4,546,57
4,598812,4,6,57,612
4,599424,6,2,612,279
4,599703,2,6,279,1010
4,600713,6,4,1010,680
4,601393,4,6,680,6395
4,607788,6,1,6395,315
4,608103,1,6,315,1237
4,609340,6,1,1237,44
4,609384,1,6,44,6205
4,615589,6,4,6205,4144
4,619733,4,6,4144,3000
4,622733,6,4,3000,2907
4,625640,4,6,2907,4179
4,629819,6,5,4179,137
4,629956,5,6,137,5350
4,635306,6,4,5350,6281
4,654628,5,6,13041,7462
4,662090,6,4,7462,452
4,663316,5,6,774,478
4,663794,6,5,478,594
4,664388,5,6,594,51212
4,715600,6,2,51212,150
4,715750,2,6,150,5274
4,721024,6,5,5274,180
4,721204,5,6,180,172
4,721376,6,2,172,442
4,721818,2,6,442,7087
4,728905,6,4,7087,1351
4,730256,4,6,1351,67432
4,797688,6,4,67432,10017
4,807705,4,6,10017,72188
4,879893,6,4,72188,71790
4,951683,4,6,71790,229246
5,72903,6,4,72789,326
5,73229,4,6,326,101250
5,190749,3,6,956,226
5,190975,6,3,226,3148
5,265456,6,5,36360,789
5,266245,5,6,789,19615
5,432252,6,4,141994,4492
5,436744,4,6,4492,22491
5,584836,6,5,25593,12352
5,597188,5,6,12352,211669
6,3492,1,6,3135,1414
6,4906,6,3,1414,1243
6,6149,3,6,1243,79
6,6228,6,3,79,732
6,6960,3,6,732,545
6,7505,6,3,545,183
6,7688,3,6,183,6695
6,14383,6,1,6695,161
6,14544,1,6,161,1271
6,15815,6,1,1271,234
6,16049,1,6,234,3183
6,19232,6,1,3183,284
6,19516,1,6,284,2152
6,21668,6,5,2152,174
6,21842,5,6,174,1764
6,23606,6,1,1764,28
6,23634,1,6,28,257
6,23891,6,1,257,1676
6,25567,1,6,1676,882
6,26449,6,1,882,4481
6,30930,1,6,4481,2231
6,33161,6,1,2231,198
6,33359,1,6,198,689
6,34048,6,1,689,333
6,34381,1,6,333,898
6,35279,6,1,898,4451
6,39730,1,6,4451,1765
6,41495,6,1,1765,11669
6,53164,1,6,11669,5715
6,58879,6,1,5715,480
6,59359,1,6,480,1217
6,60576,6,1,1217,6486
6,67062,1,6,6486,1675
6,68737,6,1,1675,5257
6,73994,1,6,5257,507
6,74501,6,1,507,382
6,74883,1,6,382,574
6,75457,6,5,574,530
6,75987,5,6,530,425
6,76412,6,1,425,611
6,77023,1,6,611,1956
6,78979,6,1,1956,205
6,79184,1,6,205,886
6,80070,6,5,886,815
6,80885,5,6,815,3820
6,84705,6,1,3820,2639
6,87344,1,6,2639,346
6,87690,6,1,346,652
6,88342,1,6,652,284
6,88626,6,1,284,1175
6,89801,1,6,1175,13426
6,103227,6,1,13426,5589
6,108816,1,6,5589,247
6,109063,6,1,247,21
6,109084,1,6,21,440
6,109524,6,3,440,387
6,109911,3,6,387,1918
6,111829,6,1,1918,150
6,111979,1,6,150,512
6,112491,6,1,512,2307
6,114798,1,6,2307,1108
6,115906,6,1,1108,864
6,116770,1,6,864,86
6,116856,6,1,86,3024
6,119880,1,6,3024,304
6,120184,6,1,304,259
6,120443,1,6,259,10601
6,131044,6,1,10601,2986
6,134030,1,6,2986,373
6,134403,6,3,373,188
6,134591,3,6,188,948
6,135539,6,1,948,1398
6,136937,1,6,1398,110
6,137047,6,1,110,4836
6,141883,1,6,4836,26169
6,168052,6,1,26169,1426
6,169478,1,6,1426,287
6,169765,6,1,287,326
6,170091,1,6,326,210
6,170301,6,1,210,1354
6,171655,1,6,1354,56
6,171711,6,1,56,544
6,172255,1,6,544,29404
6,201659,6,1,29404,1253
6,202912,1,6,1253,9920
6,212832,6,1,9920,7982
6,220814,1,6,7982,8143
6,228957,6,1,8143,259
6,229216,1,6,259,736
6,229952,6,5,736,180
6,230132,5,6,180,11138
6,241270,6,1,11138,356
6,241626,1,6,356,204
6,241830,6,1,204,671
6,242501,1,6,671,2097
6,244598,6,5,2097,104
6,244859,1,6,157,2359
6,247218,6,5,2359,424
6,247642,5,6,424,13711
6,261353,6,1,13711,3101
6,269107,5,6,1412,1401
6,270508,6,1,1401,1981
6,272489,1,6,1981,1814
6,274303,6,1,1814,326
6,274629,1,6,326,1317
6,275946,6,1,1317,1786
6,277732,1,6,1786,12172
6,289904,6,2,12172,336
6,290240,2,6,336,18179
6,308419,6,1,18179,424
6,308843,1,6,424,7339
6,316182,6,1,7339,957
6,317139,1,6,957,156
6,317295,6,1,156,691
6,317986,1,6,691,348
6,318334,6,5,348,329
6,318663,5,6,329,185
6,318848,6,5,185,198
6,319046,5,6,198,57082
6,376128,6,1,57082,120
6,376248,1,6,120,2762
6,379010,6,5,2762,424
6,379434,5,6,424,3461
6,382895,6,1,3461,798
6,383693,1,6,798,1191
6,384884,6,1,1191,2212
6,387096,1,6,2212,2757
6,389853,6,4,2757,12047
6,401900,4,6,12047,29671
6,431571,6,4,29671,245
6,431816,4,6,245,178
6,431994,6,1,178,474
6,432468,1,6,474,2029
6,434497,6,1,2029,2256
6,437616,1,6,654,676
6,438292,6,1,676,598
6,438890,1,6,598,1631
6,440521,6,5,1631,1308
6,441829,5,6,1308,1775
6,443604,6,2,1775,551
6,444155,2,6,551,26221
6,470376,6,5,26221,286
6,470662,5,6,286,957
6,471619,6,3,957,313
6,471932,3,6,313,10138
6,482070,6,4,10138,444
6,482514,4,6,444,220
6,482734,6,1,220,1454
6,484188,1,6,1454,9537
6,493725,6,1,9537,721
6,494446,1,6,721,30718
6,525164,6,1,30718,185
6,525921,1,6,456,16477
6,542398,6,1,16477,685
6,543083,1,6,685,339
6,543422,6,1,339,727
6,544149,1,6,727,111
6,544260,6,1,111,424
6,544684,1,6,424,945
6,545629,6,1,945,19
6,545648,1,6,19,5
6,545653,6,1,5,2
6,545655,1,6,2,125
6,545780,6,1,125,275
6,546055,1,6,275,19738
6,565793,6,1,19738,536
6,566329,1,6,536,99
6,566428,6,1,99,258
6,566686,1,6,258,16094
6,582780,6,1,16094,513
6,585152,1,6,602,1097
6,586249,6,1,1097,605
6,586854,1,6,605,5806
6,592660,6,1,5806,2159
6,594819,1,6,2159,328
6,595147,6,1,328,619
6,595766,1,6,619,81
6,595847,6,1,81,561
6,596408,1,6,561,80
6,596488,6,5,80,824
6,598600,5,6,822,5256
6,603856,6,1,5256,4803
6,608659,1,6,4803,72
6,608731,6,1,72,2404
6,611135,1,6,2404,8342
6,619477,6,4,8342,604
6,620081,4,6,604,36
6,620117,6,1,36,2238
6,622355,1,6,2238,6713
6,629068,6,1,6713,167
6,629235,1,6,167,517
6,629752,6,1,517,446
6,630198,1,6,446,703
6,630901,6,1,703,681
6,631582,1,6,681,108
6,631690,6,1,108,1245
6,632935,1,6,1245,224
6,633159,6,1,224,1006
6,634165,1,6,1006,322
6,634487,6,1,322,236
6,634723,1,6,236,13313
6,648036,6,1,13313,774
6,648810,1,6,774,12463
6,661273,6,1,12463,386
6,661659,1,6,386,1690
6,663349,6,1,1690,202
6,663551,1,6,202,211
6,663762,6,2,211,179
6,663941,2,6,179,318
6,664259,6,4,318,833
6,668320,1,6,3228,9942
6,678262,6,3,9942,777
6,679039,3,6,777,268
6,679307,6,2,268,287
6,679594,2,6,287,1309
6,680903,6,1,1309,462
6,681365,1,6,462,35191
6,716556,6,1,35191,875
6,717431,1,6,875,214
6,717645,6,1,214,452
6,718097,1,6,452,103
6,718200,6,1,103,936
6,719136,1,6,936,2539
6,721675,6,4,2539,849
6,722524,4,6,849,557
6,723081,6,1,557,333
6,723414,1,6,333,9869
6,733283,6,1,9869,491
6,733774,1,6,491,1216
6,734990,6,1,1216,385
6,735375,1,6,385,82019
6,817394,6,5,82019,310
6,817704,5,6,310,451
6,818155,6,5,451,479
6,818634,5,6,479,10668
6,829302,6,1,10668,4915
6,834217,1,6,4915,644
6,834861,6,3,644,255
6,835116,3,6,255,1295
6,836411,6,5,1295,550
6,836961,5,6,550,1902
6,838863,6,4,1902,84
6,838947,4,6,84,1860
6,840807,6,1,1860,189
6,840996,1,6,189,32039
6,873035,6,4,32039,11020
6,884055,4,6,11020,11636
6,895691,6,1,11636,558
6,896249,1,6,558,1108
6,897357,6,1,1108,338
6,897695,1,6,338,838
6,898533,6,1,838,141
6,898674,1,6,141,679
6,899353,6,4,679,18777
6,918130,4,6,18777,25963
6,944093,6,5,25963,7950
6,952043,5,6,7950,3849
6,955892,6,1,3849,342
6,956234,1,6,342,510
6,956744,6,1,510,2282
6,959026,1,6,2282,1439
6,960465,6,1,1439,2436
6,962901,1,6,2436,5983
6,968884,6,2,5983,157
6,971229,1,6,2188,79
6,971308,6,1,79,826
6,972134,1,6,826,804
6,972938,6,1,804,4336
6,977274,1,6,4336,307
6,977581,6,1,307,292
6,977873,1,6,292,773
6,978646,6,1,773,1636
6,980282,1,6,1636,78
6,980360,6,1,78,1648
6,982008,1,6,1648,11622
6,993630,6,1,11622,7930
6,1001560,1,6,7930,9229
6,1010789,6,4,9229,1616
6,1012405,4,6,1616,16419
6,1028824,6,1,16419,527
6,1029351,1,6,527,4898
6,1034249,6,1,4898,101
6,1034350,1,6,101,147
6,1034497,6,1,147,329
6,1034826,1,6,329,536
6,1035362,6,1,536,3828
6,1039190,1,6,3828,16510
6,1055700,6,4,16510,7553
6,1063253,4,6,7553,43155
6,1106408,6,4,43155,217
6,1106625,4,6,217,125
6,1106750,6,4,125,846
6,1107596,4,6,846,17105
6,1124701,6,4,17105,5996
6,1130697,4,6,5996,4273
6,1134970,6,4,4273,1943
6,1136913,4,6,1943,576
6,1137489,6,4,576,675
6,1159390,4,6,20880,21539
7,12809,6,2,12809,98
7,12907,2,6,98,1583
7,14490,6,2,1583,61
7,14551,2,6,61,352
7,14903,6,2,352,39
7,14942,2,6,39,410
7,15352,6,2,410,232
7,15584,2,6,232,40
7,15624,6,2,40,867
7,16491,2,6,867,29
7,16520,6,2,29,65
7,16585,2,6,65,1085
7,17670,6,3,1085,463
7,18133,3,6,463,815
7,18948,6,3,815,99
7,19047,3,6,99,16
7,19063,6,3,16,4
7,19067,3,6,4,4438
7,40265,6,2,16582,31
7,40296,2,6,31,88
7,40384,6,2,88,39
7,40423,2,6,39,1454
7,51038,6,1,8212,40
7,51078,1,6,40,364
7,51442,6,1,364,99
7,51541,1,6,99,21479
7,73020,6,3,21479,175
7,73195,3,6,175,22948
7,97569,6,4,1413,285
7,99076,6,3,408,290
7,99366,3,6,290,3136
7,102502,6,3,3136,183
7,102685,3,6,183,6599
7,109284,6,3,6599,38
7,109322,3,6,38,4097
7,120169,6,1,3868,36
7,120205,1,6,36,25431
7,156025,4,6,1598,137
7,162738,4,6,169,52
7,162790,6,4,52,305
7,163155,4,6,22,405
7,164377,6,4,727,127
7,190719,6,4,25537,205
7,196611,4,6,253,10272
7,206883,6,2,10272,51
7,206934,2,6,51,6141
7,218249,6,4,8,126
7,220916,4,6,609,1197
7,222113,6,4,1197,5
7,222118,4,6,5,3214
7,225332,6,4,3214,93
7,225425,4,6,93,1429
7,226854,6,4,1429,785
7,227639,4,6,785,1527
7,229166,6,4,1527,139
7,229305,4,6,139,7692
7,236997,6,4,7692,77
7,237074,4,6,77,7277
7,244351,6,5,7277,156
7,244641,5,6,21,8252
7,252893,6,4,8252,167
7,253060,4,6,167,2990
7,256050,6,4,2990,115
7,256165,4,6,115,4349
7,260514,6,4,4349,121
7,260635,4,6,121,1222
7,261857,6,1,1222,26
7,261883,1,6,26,750
7,262633,6,1,750,54
7,262687,1,6,54,2596
7,265283,6,3,2596,1138
7,266714,1,6,293,716
7,267581,4,6,128,2205
7,277827,6,4,7297,213
7,278040,4,6,213,3296
7,281336,6,5,3296,294
7,281630,5,6,294,511
7,282141,6,3,511,235
7,282376,3,6,235,932
7,284775,4,6,331,430
7,290048,6,3,149,356
7,290404,3,6,356,2453
7,292857,6,4,2453,2411
7,298472,4,6,3190,4795
7,303267,6,4,4795,261
7,304519,6,4,111,178
7,308288,6,2,1189,31
7,309369,3,6,683,1339
7,310708,6,3,1339,162
7,310870,3,6,162,118
7,310988,6,3,118,308
7,317922,4,6,48,7853
7,325775,6,2,7853,11
7,334347,6,2,7692,180
7,335303,4,6,776,1013
7,336316,6,2,1013,20
7,336336,2,6,20,4208
7,340544,6,2,4208,82
7,340626,2,6,82,683
7,341309,6,2,683,59
7,341368,2,6,59,1409
7,342777,6,4,1409,93
7,342870,4,6,93,1003
7,343873,6,4,1003,161
7,344034,4,6,161,3514
7,347548,6,4,3514,178
7,347726,4,6,178,3193
7,350919,6,4,3193,54
7,350973,4,6,54,17
7,350990,6,4,17,716
7,351706,4,6,716,322
7,353948,4,6,138,2790
7,356738,6,2,2790,92
7,356830,2,6,92,1282
7,360460,4,6,1388,3132
7,363592,6,4,3132,1470
7,365062,4,6,1470,405
7,365467,6,4,405,14
7,365481,4,6,14,1
7,365482,6,4,1,168
7,365650,4,6,168,174
7,365824,6,4,174,38
7,365862,4,6,38,52
7,365914,6,4,52,19
7,365933,4,6,19,103
7,366036,6,4,103,345
7,366724,6,4,215,237
7,367999,4,6,730,3736
7,371735,6,4,3736,4387
7,376122,4,6,4387,782
7,376904,6,3,782,281
7,377185,3,6,281,129
7,377314,6,3,129,157
7,377471,3,6,157,774
7,389299,4,6,78,259
7,389558,6,3,259,507
7,390065,3,6,507,102
7,390167,6,3,102,380
7,405889,1,6,14886,240
7,407373,1,6,99,5779
7,415310,6,4,2098,4232
7,420327,6,4,559,20
7,420347,4,6,20,16
7,420363,6,4,16,420
7,420783,4,6,420,502
7,421285,6,4,502,1366
7,428849,4,6,2209,410
7,429259,6,3,410,153
7,429412,3,6,153,338
7,429750,6,3,338,140
7,429890,3,6,140,294
7,430184,6,3,294,409
7,430593,3,6,409,6015
7,436608,6,3,6015,622
7,440391,4,6,100,13520
7,453911,6,4,13520,501
7,454412,4,6,501,8703
7,464859,4,6,1700,113
7,468057,4,6,204,2034
7,470091,6,5,2034,20
7,470111,5,6,20,863
7,470974,6,3,863,764
7,471738,3,6,764,1683
7,473421,6,4,1683,9248
7,483005,6,4,90,207
7,483976,4,6,705,8719
7,492695,6,4,8719,43
7,492738,4,6,43,1109
7,493847,6,3,1109,250
7,494097,3,6,250,6341
7,500438,6,4,6341,118
7,500556,4,6,118,556
7,501112,6,4,556,23
7,501135,4,6,23,180
7,501315,6,4,180,12
7,501327,4,6,12,5
7,501332,6,4,5,405
7,501737,4,6,405,82
7,501819,6,4,82,72
7,501891,4,6,72,164
7,502055,6,4,164,736
7,502791,4,6,736,1166
7,503957,6,4,1166,115
7,504072,4,6,115,8472
7,512544,6,2,8472,48
7,518975,4,6,6383,6020
7,524995,6,5,6020,617
7,525612,5,6,617,602
7,526214,6,3,602,23
7,526237,3,6,23,22
7,526259,6,3,22,187
7,526446,3,6,187,30
7,526476,6,3,30,666
7,527142,3,6,666,11767
7,538909,6,4,11767,1107
7,552341,6,4,4869,171
7,552512,4,6,171,12160
7,564672,6,4,12160,911
7,572199,6,4,5521,26
7,572225,4,6,26,3
7,572228,6,4,3,14
7,572242,4,6,14,3131
7,575373,6,4,3131,13
7,575386,4,6,13,496
7,575882,6,4,496,82
7,575964,4,6,82,212
7,576176,6,4,212,127
7,576303,4,6,127,228
7,576531,6,4,228,464
7,576995,4,6,464,2414
7,579409,6,5,2414,117
7,579526,5,6,117,1655
7,581181,6,2,1655,24
7,581315,2,6,47,725
7,582040,6,2,725,125
7,582165,2,6,125,2560
7,584725,6,2,2560,19
7,584869,4,6,125,365
7,585234,6,3,365,551
7,585785,3,6,551,10445
7,596583,4,6,306,931
7,597514,6,3,931,102
7,597616,3,6,102,552
7,598168,6,4,552,152
7,598320,4,6,152,495
7,598815,6,4,495,163
7,598978,4,6,163,1443
7,600421,6,4,1443,10
7,600431,4,6,10,13
7,600444,6,4,13,537
7,600981,4,6,537,8903
7,609884,6,2,8903,17
7,609901,2,6,17,2598
7,612499,6,4,2598,863
7,613362,4,6,863,1049
7,614411,6,5,1049,53
7,616404,5,6,337,31
7,616435,6,5,31,331
7,616766,5,6,331,212
7,616978,6,5,212,56
7,617034,5,6,56,917
7,617951,6,5,917,646
7,618597,5,6,646,6627
7,625224,6,4,6627,420
7,625644,4,6,420,8332
7,633976,6,2,8332,50
7,634026,2,6,50,2635
7,636661,6,4,2635,111
7,636772,4,6,111,623
7,637395,6,4,623,41
7,637440,2,6,4,1407
7,638847,6,4,1407,421
7,639268,4,6,421,2841
7,642109,6,5,2841,99
7,642731,5,6,16,668
7,643399,6,4,668,45
7,643444,4,6,45,3550
7,646994,6,4,3550,29
7,647023,4,6,29,25
7,647048,6,4,25,8
7,647056,4,6,8,372
7,647428,6,4,372,41
7,647782,5,6,83,743
7,648525,6,3,743,647
7,649288,2,6,116,666
7,649954,6,4,666,236
7,650190,4,6,236,1411
7,651601,6,4,1411,64
7,651665,4,6,64,4790
7,656455,6,4,4790,128
7,656583,4,6,128,2336
7,658919,6,4,2336,573
7,659849,4,6,241,138
7,659987,6,4,138,277
7,660264,4,6,277,158
7,660422,6,4,158,323
7,660745,4,6,323,1933
7,662678,6,4,1933,147
7,662924,2,6,99,600
7,663524,6,2,600,440
7,663964,2,6,440,123
7,664087,6,2,123,8
7,664095,2,6,8,1351
7,665446,6,2,1351,38
7,665484,2,6,38,12172
7,677656,6,2,12172,667
7,678871,3,6,548,395
7,682107,4,6,2418,7727
7,690041,6,2,42,86
7,690127,2,6,86,16765
7,706892,6,4,16765,14
7,706906,4,6,14,9985
7,716891,6,2,9985,22
7,716913,2,6,22,466
7,717379,6,2,466,321
7,717700,2,6,321,16882
7,734582,6,2,16882,9
7,734591,2,6,9,1826
7,736417,6,2,1826,63
7,736480,2,6,63,984
7,737464,6,2,984,74
7,737538,2,6,74,222
7,737760,6,2,222,8
7,737768,2,6,8,1467
7,739235,6,5,1467,400
7,739775,5,6,49,763
7,740538,6,4,763,126
7,740664,4,6,126,5
7,740669,6,4,5,10
7,740679,4,6,10,45
7,740724,6,4,45,2196
7,742920,4,6,2196,778
7,743698,6,4,778,303
7,744001,4,6,303,1156
7,745157,6,4,1156,325
7,745482,4,6,325,16
7,746570,6,4,911,234
7,747012,6,4,139,75
7,749141,6,4,288,649
7,752753,6,4,2282,1201
7,754135,6,4,164,322
7,754457,4,6,322,4264
7,758721,6,4,4264,917
7,759638,4,6,917,198
7,759836,6,4,198,2291
7,762127,4,6,2291,618
7,762745,6,4,618,445
7,763190,4,6,445,152
7,763342,6,4,152,36
7,763378,4,6,36,282
7,763660,6,4,282,272
7,763932,4,6,272,117
7,764049,6,4,117,327
7,764376,4,6,327,113
7,764489,6,4,113,1338
7,765827,4,6,1338,154
7,765981,6,4,154,26
7,766007,4,6,26,230
7,766237,6,4,230,1216
7,767453,4,6,1216,55
7,767508,6,4,55,536
7,768044,4,6,536,49
7,768093,6,4,49,247
7,768340,4,6,247,127
7,768467,6,4,127,5706
7,774173,4,6,5706,160
7,774333,6,4,160,1956
7,776289,4,6,1956,172
7,776461,6,4,172,70
7,776531,4,6,70,417
7,776948,6,4,417,1883
7,778831,4,6,1883,408
7,779239,6,4,408,7281
7,786520,4,6,7281,5108
7,791628,6,2,5108,199
7,791827,2,6,199,2394
7,794221,6,4,2394,425
7,799706,4,6,27,7672
7,807378,6,4,7672,52
7,841565,6,3,33960,35
7,842193,6,3,151,164
7,913636,6,3,3987,332
7,913968,3,6,332,22717
7,936685,6,5,22717,141
7,936826,5,6,141,7167
7,943993,6,4,7167,7268
7,951261,4,6,7268,6480
7,957741,6,1,6480,147
7,957888,1,6,147,150
7,958038,6,1,150,175
7,958213,1,6,175,26444
7,984657,6,4,26444,218
7,984875,4,6,218,1210
7,986085,6,4,1210,99
7,986184,4,6,99,2
7,986186,6,4,2,14
7,986200,4,6,14,233
7,986433,6,4,233,193
7,986626,4,6,193,207
7,986833,6,4,207,723
7,987556,4,6,723,146
7,987702,6,4,146,898
7,988600,4,6,898,205
7,988805,6,4,205,2017
7,990822,4,6,2017,39
7,990861,6,4,39,508
7,991369,4,6,508,44
7,991413,6,4,44,910
7,992323,4,6,910,345
7,992668,6,4,345,882
7,993550,4,6,882,418
7,993968,6,4,418,340
7,994308,4,6,340,45
7,994353,6,4,45,244
7,994597,4,6,244,9
7,994606,6,4,9,993
7,995599,4,6,993,122
7,995721,6,4,122,862
7,996583,4,6,862,110
7,996693,6,4,110,712
7,997405,4,6,712,84
7,997489,6,4,84,699
7,998188,4,6,699,21
7,998209,6,4,21,3820
7,1002029,4,6,3820,50
7,1002079,6,4,50,932
7,1003011,4,6,932,481
7,1003492,6,4,481,270
7,1003762,4,6,270,123
7,1003885,6,4,123,157
7,1004042,4,6,157,178
7,1004220,6,4,178,53
7,1004273,4,6,53,472
7,1004745,6,4,472,1455
7,1006200,4,6,1455,543
7,1022658,6,1,202,40
7,1022698,1,6,40,1982
7,1024680,6,1,1982,31
7,1024711,1,6,31,51
7,1024762,6,1,51,39
7,1025632,1,6,92,1447
7,1027568,4,6,253,2556
7,1030124,6,4,2556,1063
7,1031187,4,6,1063,1679
7,1064026,6,3,30812,39105
7,1103131,3,6,39105,268
7,1103399,6,4,268,189
7,1104052,4,6,225,4356
7,1109178,1,6,590,493
7,1117568,1,6,147,4448
7,1122332,1,6,60,1538
7,1123870,6,4,1538,968
7,1124838,4,6,968,384
7,1125222,6,4,384,155
7,1125377,4,6,155,116
7,1125493,6,4,116,101
7,1125594,4,6,101,35
7,1125629,6,4,35,21
7,1125650,4,6,21,114
7,1125764,6,4,114,633
7,1126397,4,6,633,43
7,1126440,6,4,43,479
7,1126919,4,6,479,97
7,1127016,6,4,97,1068
7,1128084,4,6,1068,4101
7,1132185,6,4,4101,53
7,1132238,4,6,53,288
7,1132526,6,4,288,1503
7,1134029,4,6,1503,366
7,1134395,6,4,366,203
7,1142461,6,1,609,191
7,1143008,3,6,353,345
7,1143353,6,1,345,913
7,1144266,1,6,913,19793
7,1164059,6,1,19793,48
7,1164107,1,6,48,2144
7,1166251,6,1,2144,278
7,1167508,6,1,937,141
7,1167649,1,6,141,101
7,1167750,6,1,101,26
7,1169351,6,1,35,143
7,1169599,3,6,105,3031
7,1172795,1,6,38,64
7,1172859,6,1,64,755
7,1173614,1,6,755,28
7,1173642,6,1,28,262
7,1174534,1,6,549,143
7,1176502,3,6,64,536
7,1177038,6,4,536,224
7,1177779,4,6,138,448
7,1178227,6,4,448,72
7,1178299,4,6,72,560
7,1178859,6,4,560,391
7,1179250,4,6,391,239
7,1179489,6,4,239,34
8,9633,6,1,9599,26
8,9659,1,6,26,5931
8,15590,6,2,5931,154
8,15744,2,6,154,2031
8,17775,6,1,2031,449
8,18224,1,6,449,737
8,18961,6,1,737,68
8,19029,1,6,68,529
8,19558,6,1,529,95
8,19653,1,6,95,3674
8,23327,6,1,3674,197
8,23524,1,6,197,260
8,23784,6,1,260,668
8,24452,1,6,668,157
8,24609,6,1,157,310
8,24919,1,6,310,3799
8,28718,6,1,3799,177
8,28895,1,6,177,9387
8,38282,6,1,9387,224
8,38506,1,6,224,10567
8,49073,6,4,10567,46
8,49119,4,6,46,500
8,49619,6,4,500,36
8,49655,4,6,36,1253
8,50908,6,4,1253,108
8,51016,4,6,108,626
8,51642,6,4,626,327
8,51969,4,6,327,11197
8,63166,6,4,11197,74
8,63240,4,6,74,7283
8,70523,6,1,7283,458
8,70981,1,6,458,1088
8,72069,6,1,1088,261
8,72330,1,6,261,1218
8,73548,6,1,1218,99
8,73647,1,6,99,178
8,73825,6,1,178,10
8,73835,1,6,10,806
8,74641,6,1,806,269
8,74910,1,6,269,168
8,75078,6,1,168,127
8,75205,1,6,127,12056
8,87261,6,1,12056,437
8,87698,1,6,437,776
8,88474,6,4,776,90
8,88566,1,6,2,10665
8,99231,6,3,10665,184
8,99415,3,6,184,3104
8,104267,6,1,509,207
8,104474,1,6,207,511
8,104985,6,1,511,940
8,105925,1,6,940,749
8,106674,6,4,749,144
8,106818,4,6,144,316
8,107134,6,4,316,795
8,107929,4,6,795,663
8,134258,6,3,24822,271
8,134529,3,6,271,4491
8,139020,6,4,4491,124
8,139144,4,6,124,78
8,139222,6,4,78,16
8,139760,1,6,522,50
8,139810,6,1,50,162
8,139972,1,6,162,179
8,140151,6,1,179,91
8,140242,1,6,91,574
8,140816,6,1,574,228
8,141044,1,6,228,28310
8,169354,6,4,28310,373
8,169727,4,6,373,303
8,170030,6,4,303,264
8,170294,4,6,264,43702
8,213996,6,4,43702,8
8,214004,4,6,8,4298
8,218302,6,4,4298,157
8,218459,4,6,157,16787
8,235246,6,4,16787,92
8,235338,4,6,92,9952
8,245290,6,3,9952,131
8,245421,3,6,131,3207
8,261099,6,3,12354,142
8,261241,3,6,142,3437
8,264678,6,1,3437,386
8,265064,1,6,386,421
8,265485,6,1,421,642
8,266127,1,6,642,233
8,266360,6,1,233,101
8,266461,1,6,101,230
8,266691,6,2,230,13
8,266704,2,6,13,26
8,266730,6,2,26,15
8,266745,2,6,15,730
8,267475,6,3,730,58
8,267533,3,6,58,2716
8,270249,6,3,2716,2294
8,272543,3,6,2294,7134
8,279677,6,3,7134,218
8,279895,3,6,218,2279
8,282174,6,3,2279,346
8,282520,3,6,346,320
8,282840,6,3,320,141
8,282981,3,6,141,1244
8,284225,6,3,1244,125
8,284350,3,6,125,354
8,284704,6,3,354,153
8,284857,3,6,153,1769
8,286626,6,3,1769,81
8,286707,3,6,81,1794
8,288501,6,3,1794,65
8,288566,3,6,65,1233
8,289799,6,3,1233,441
8,290240,3,6,441,432
8,290672,6,3,432,155
8,290827,3,6,155,1088
8,291915,6,3,1088,187
8,292102,3,6,187,140
8,292242,6,3,140,180
8,292422,3,6,180,2860
8,295282,6,3,2860,328
8,295610,3,6,328,312
8,295922,6,3,312,2069
8,297991,3,6,2069,126
8,298117,6,3,126,101
8,298218,3,6,101,1774
8,299992,6,3,1774,39
8,300031,3,6,39,541
8,300572,6,3,541,1201
8,301773,3,6,1201,554
8,302327,6,3,554,27
8,302354,3,6,27,7871
8,310225,6,3,7871,182
8,310407,3,6,182,1035
8,311442,6,3,1035,124
8,311566,3,6,124,410
8,311976,6,3,410,515
8,312491,3,6,515,671
8,313162,6,3,671,177
8,313339,3,6,177,3669
8,317008,6,3,3669,39
8,317047,3,6,39,4240
8,321287,6,3,4240,198
8,321485,3,6,198,242
8,321727,6,3,242,250
8,321977,3,6,250,117
8,322094,6,3,117,226
8,322320,3,6,226,1881
8,324201,6,3,1881,84
8,324285,3,6,84,516
8,324801,6,3,516,250
8,325051,3,6,250,5764
8,330815,6,3,5764,134
8,330949,3,6,134,581
8,331530,6,3,581,200
8,331730,3,6,200,680
8,332410,6,3,680,78
8,332488,3,6,78,2612
8,335100,6,3,2612,29
8,335129,3,6,29,88
8,335217,6,3,88,331
8,335548,3,6,331,3788
8,339336,6,3,3788,115
8,339451,3,6,115,2507
8,341958,6,3,2507,159
8,342117,3,6,159,259
8,342376,6,3,259,270
8,342646,3,6,270,530
8,343176,6,3,530,226
8,343402,3,6,226,131
8,343533,6,3,131,217
8,343750,3,6,217,2998
8,346748,6,3,2998,118
8,346866,3,6,118,6123
8,352989,6,3,6123,179
8,353168,3,6,179,4439
8,357607,6,3,4439,141
8,357748,3,6,141,2516
8,360264,6,3,2516,77
8,360341,3,6,77,554
8,360895,6,3,554,29
8,360924,3,6,29,4179
8,365103,6,3,4179,166
8,365269,3,6,166,922
8,366191,6,3,922,182
8,366373,3,6,182,207
8,366580,6,3,207,200
8,366780,3,6,200,1041
8,367821,6,3,1041,82
8,367903,3,6,82,466
8,368369,6,3,466,625
8,368994,3,6,625,151
8,369145,6,3,151,176
8,369321,3,6,176,138
8,369459,6,3,138,162
8,369621,3,6,162,1642
8,371263,6,3,1642,79
8,371342,3,6,79,74
8,371416,6,3,74,483
8,371899,3,6,483,308
8,372207,6,3,308,136
8,372343,3,6,136,181
8,372524,6,3,181,98
8,372622,3,6,98,685
8,373307,6,3,685,52
8,373359,3,6,52,743
8,374102,6,3,743,436
8,374538,3,6,436,54
8,374592,6,3,54,125
8,374717,3,6,125,1043
8,375760,6,3,1043,136
8,375896,3,6,136,1427
8,377323,6,3,1427,102
8,377425,3,6,102,461
8,377886,6,3,461,330
8,378216,3,6,330,3356
8,381572,6,3,3356,484
8,382056,3,6,484,1325
8,383381,6,3,1325,152
8,383533,3,6,152,2512
8,386045,6,3,2512,103
8,386148,3,6,103,554
8,386702,6,3,554,197
8,386899,3,6,197,1227
8,388126,6,3,1227,182
8,388308,3,6,182,1337
8,389645,6,3,1337,413
8,390058,3,6,413,194
8,390252,6,3,194,60
8,390312,3,6,60,26
8,390338,6,3,26,322
8,390660,3,6,322,126
8,390786,6,3,126,38
8,390824,3,6,38,63
8,390887,6,3,63,126
8,391013,3,6,126,277
8,391290,6,3,277,100
8,391390,3,6,100,732
8,392122,6,3,732,228
8,392350,3,6,228,311
8,392661,6,3,311,142
8,392803,3,6,142,1430
8,394233,6,3,1430,278
8,394511,3,6,278,290
8,394801,6,3,290,52
8,394853,3,6,52,2714
8,397567,6,3,2714,610
8,398177,3,6,610,65
8,398242,6,3,65,715
8,398957,3,6,715,1426
8,400383,6,3,1426,450
8,400833,3,6,450,251
8,401084,6,3,251,229
8,401313,3,6,229,505
8,401818,6,3,505,104
8,401922,3,6,104,2564
8,404486,6,3,2564,643
8,405129,3,6,643,217
8,405346,6,3,217,437
8,405783,3,6,437,4579
8,410362,6,3,4579,137
8,410499,3,6,137,897
8,411396,6,3,897,101
8,411497,3,6,101,2499
8,413996,6,3,2499,60
8,414056,3,6,60,939
8,414995,6,3,939,177
8,415172,3,6,177,181
8,415353,6,3,181,125
8,415478,3,6,125,262
8,415740,6,3,262,182
8,415922,3,6,182,871
8,416793,6,3,871,348
8,417141,3,6,348,1742
8,418883,6,3,1742,134
8,419017,3,6,134,2279
8,421296,6,3,2279,241
8,421537,3,6,241,262
8,421799,6,3,262,767
8,422566,3,6,767,248
8,422814,6,3,248,1684
8,424498,3,6,1684,189
8,424687,6,3,189,196
8,424883,3,6,196,275
8,425158,6,3,275,605
8,425763,3,6,605,381
8,426144,6,3,381,468
8,426612,3,6,468,216
8,426828,6,3,216,406
8,427234,3,6,406,1879
8,429113,6,3,1879,308
8,429421,3,6,308,3884
8,433305,6,3,3884,41
8,433346,3,6,41,1234
8,434580,6,3,1234,130
8,434710,3,6,130,979
8,435689,6,3,979,212
8,435901,3,6,212,78
8,435979,6,3,78,199
8,436178,3,6,199,4353
8,440531,6,3,4353,112
8,440643,3,6,112,331
8,440974,6,3,331,116
8,441090,3,6,116,327
8,441417,6,3,327,290
8,441707,3,6,290,1675
8,443382,6,3,1675,159
8,443541,3,6,159,2969
8,446510,6,3,2969,164
8,446674,3,6,164,20
8,446694,6,3,20,119
8,446813,3,6,119,532
8,447345,6,3,532,123
8,447468,3,6,123,529
8,447997,6,3,529,32
8,448029,3,6,32,593
8,448622,6,3,593,18
8,448640,3,6,18,457
8,449097,6,3,457,734
8,449831,3,6,734,52978
8,502809,6,4,52978,186
8,503286,4,6,142,22184
8,525470,6,5,22184,30
8,525500,5,6,30,779
8,526279,6,3,779,355
8,526634,3,6,355,56101
8,582735,6,3,56101,212
8,582947,3,6,212,2360
8,585307,6,3,2360,283
8,585590,3,6,283,2612
8,588202,6,4,2612,90
8,588292,4,6,90,477
8,588769,6,4,477,165
8,588934,4,6,165,975
8,589909,6,4,975,44
8,589953,4,6,44,1383
8,591336,6,4,1383,518
8,591854,4,6,518,113
8,591967,6,4,113,167
8,592134,4,6,167,261
8,592395,6,4,261,144
8,592539,4,6,144,193
8,592732,6,4,193,146
8,592878,4,6,146,389
8,593267,6,4,389,272
8,593539,4,6,272,206
8,593745,6,4,206,122
8,593867,4,6,122,81
8,593948,6,4,81,243
8,594191,4,6,243,172
8,594363,6,4,172,153
8,594516,4,6,153,313
8,594829,6,4,313,205
8,595332,4,6,221,3
8,596001,6,4,126,144
8,596145,4,6,144,7931
8,604076,6,4,7931,167
8,604243,4,6,167,2171
8,606414,6,4,2171,122
8,606536,4,6,122,2082
8,608618,6,4,2082,126
8,608744,4,6,126,1151
8,609895,6,4,1151,3
8,610027,2,6,129,603
8,610630,6,4,603,229
8,610859,4,6,229,95
8,610954,6,4,95,188
8,611142,4,6,188,6467
8,617609,6,5,6467,868
8,618477,5,6,868,42754
8,661231,6,4,42754,198
8,661805,4,6,280,900
8,662705,6,4,900,803
8,666311,4,6,1395,162
8,666473,6,4,162,194
8,666667,4,6,194,116
8,666783,6,4,116,629
8,667462,2,6,50,226
8,667688,6,4,226,85
8,667773,4,6,85,113
8,667886,6,4,113,192
8,668078,4,6,192,245
8,668323,6,4,245,128
8,668451,4,6,128,974
8,669425,6,4,974,17
8,669442,4,6,17,8695
8,678137,6,3,8695,9
8,678146,3,6,9,40609
8,718755,6,4,40609,200
8,718955,4,6,200,1851
8,720806,6,4,1851,1206
8,722012,4,6,1206,11833
8,733845,6,4,11833,846
8,734691,4,6,846,26738
8,761429,6,3,26738,6
8,761435,3,6,6,719
8,762154,6,3,719,263
8,762417,3,6,263,282
8,762699,6,3,282,194
8,762893,3,6,194,196
8,763089,6,3,196,44
8,763133,3,6,44,2268
8,765401,6,3,2268,195
8,765596,3,6,195,461
8,766057,6,3,461,18
8,766075,3,6,18,3554
8,769629,6,3,3554,82
8,769711,3,6,82,763
8,770474,6,3,763,41
8,770515,3,6,41,292
8,770807,6,3,292,136
8,770943,3,6,136,154
8,771097,6,3,154,138
8,771235,3,6,138,64
8,771299,6,3,64,153
8,771452,3,6,153,1075
8,772527,6,3,1075,706
8,773233,3,6,706,1306
8,774539,6,3,1306,150
8,774689,3,6,150,466
8,775155,6,3,466,700
8,775855,3,6,700,26
8,775881,6,3,26,238
8,776119,3,6,238,175
8,776294,6,3,175,61
8,776355,3,6,61,17888
8,794243,6,4,17888,178
8,794421,4,6,178,43522
8,842735,6,4,4671,493
8,843228,4,6,493,761
8,843989,6,4,761,93
8,844558,2,6,476,791
8,845349,6,2,791,169
8,858299,4,6,103,4248
8,862547,6,4,4248,166
8,862713,4,6,166,1373
8,864086,6,4,1373,170
8,864256,4,6,170,197
8,865230,6,4,61,206
8,865436,4,6,206,1553
8,866989,6,4,1553,81
8,867070,4,6,81,371
8,867441,6,4,371,198
8,867639,4,6,198,1011
8,868650,6,4,1011,33
8,868683,4,6,33,519
8,869202,6,2,519,2507
8,871709,2,6,2507,2844
8,874553,6,4,2844,1694
8,876589,6,4,123,3389
8,879978,4,6,3389,345
8,880323,6,4,345,2973
8,883296,4,6,2973,306
8,883602,6,4,306,2196
8,885798,4,6,2196,208
8,886006,6,4,208,7632
8,893638,4,6,7632,145
8,893783,6,1,145,272
8,894955,1,6,149,1928
8,896883,6,3,1928,59
8,903425,6,4,2688,130
8,903555,4,6,130,1038
8,904593,6,4,1038,148
8,904741,4,6,148,2086
8,906827,6,2,2086,244
8,909748,2,6,335,3948
8,913696,6,4,3948,622
8,914318,4,6,622,29718
8,955977,6,1,4760,79
8,956056,1,6,79,1724
8,957780,6,2,1724,85
8,958504,1,6,384,5551
8,964055,6,5,5551,490
8,964545,5,6,490,2589
8,967134,6,1,2589,85
8,967219,1,6,85,26862
8,994081,6,4,26862,90
8,994171,4,6,90,358
8,994529,6,4,358,11621
8,1006150,4,6,11621,4769
8,1010919,6,2,4769,779
8,1011698,2,6,779,154
8,1011852,6,2,154,633
8,1012646,4,6,161,37
8,1012683,6,4,37,167
8,1012850,4,6,167,186
8,1013036,6,4,186,65
8,1013101,4,6,65,1840
8,1014941,6,1,1840,125
8,1015066,1,6,125,3257
8,1018323,6,4,3257,232
8,1018555,4,6,232,168
8,1018763,4,6,18,164
8,1018927,6,4,164,577
8,1019504,4,6,577,1233
8,1020737,6,4,1233,195
8,1020932,4,6,195,3131
8,1024063,6,4,3131,589
8,1024652,4,6,589,757
8,1025409,6,4,757,96
8,1026097,4,6,407,6929
8,1033026,6,1,6929,74
8,1033100,1,6,74,6261
8,1048751,6,1,5804,13024
8,1061775,1,6,13024,1104
8,1062879,6,1,1104,50
8,1062929,1,6,50,1791
8,1064720,6,1,1791,19487
8,1106115,6,4,2618,193
8,1106308,4,6,193,1675
8,1107983,6,4,1675,50
8,1110370,2,6,2337,471
8,1110841,6,2,471,95
8,1111574,4,6,638,435
8,1112009,6,4,435,78
8,1112087,4,6,78,911
8,1112998,6,2,911,109
8,1117007,4,6,1030,200
8,1117207,6,2,200,5286
8,1122493,2,6,5286,4697
8,1127190,6,4,4697,135
8,1127325,4,6,135,658
8,1127983,6,4,658,971
8,1131322,4,6,2048,1309
8,1137738,6,4,3763,453
8,1139061,4,6,829,179
8,1139240,6,4,179,274
8,1139514,4,6,274,163
8,1139677,6,4,163,590
8,1140503,4,6,188,318
8,1140821,6,4,318,385
8,1141206,4,6,385,32
8,1141238,6,4,32,466
8,1176162,2,6,9068,527
8,1176689,6,2,527,118
8,1176957,4,6,150,3972
9,1872,5,6,1872,102
9,1974,6,3,102,29
9,3392,1,6,1389,1566
9,4958,6,3,1566,1094
9,6052,3,6,1094,315
9,6367,6,3,315,99
9,6466,3,6,99,116
9,6582,6,3,116,466
9,7048,3,6,466,2057
9,9105,6,1,2057,234
9,9339,1,6,234,1520
9,10859,6,1,1520,391
9,11250,1,6,391,37
9,11287,6,1,37,247
9,11534,1,6,247,2848
9,14382,6,1,2848,89
9,14471,1,6,89,1277
9,15748,6,1,1277,756
9,16504,1,6,756,4097
9,20601,6,1,4097,1121
9,21722,1,6,1121,286
9,22008,6,1,286,109
9,22117,1,6,109,1423
9,23540,6,1,1423,2225
9,25765,1,6,2225,821
9,26586,6,1,821,4436
9,31022,1,6,4436,1780
9,32802,6,1,1780,7400
9,40202,1,6,7400,989
9,41191,6,1,989,11947
9,53138,1,6,11947,5695
9,58833,6,1,5695,540
9,59373,1,6,540,1135
9,60508,6,1,1135,6702
9,67210,1,6,6702,1667
9,68877,6,1,1667,1506
9,70687,2,6,304,476
9,71163,6,1,476,302
9,71465,1,6,302,1340
9,72805,6,1,1340,139
9,73140,2,6,196,546
9,73686,6,2,546,65
9,75429,5,6,852,403
9,75832,6,1,403,982
9,76814,1,6,982,587
9,77401,6,1,587,347
9,77748,1,6,347,1067
9,78815,6,1,1067,8573
9,87388,1,6,8573,307
9,87695,6,1,307,2183
9,89878,1,6,2183,2097
9,91975,6,1,2097,1880
9,93855,1,6,1880,184
9,94039,6,1,184,440
9,94479,1,6,440,2694
9,97173,6,1,2694,289
9,97462,1,6,289,5431
9,102893,6,1,5431,2919
9,105812,1,6,2919,233
9,106045,6,1,233,400
9,106445,1,6,400,1298
9,107743,6,1,1298,843
9,108586,1,6,843,2006
9,110592,6,1,2006,422
9,111014,1,6,422,679
9,111693,6,1,679,8930
9,120623,1,6,8930,10348
9,130971,6,1,10348,3197
9,134168,1,6,3197,1111
9,135279,6,1,1111,6683
9,141962,1,6,6683,26084
9,168046,6,1,26084,1500
9,169546,1,6,1500,297
9,169843,6,1,297,339
9,170182,1,6,339,147
9,170329,6,1,147,2061
9,172390,1,6,2061,2813
9,175203,6,4,2813,1444
9,176647,4,6,1444,3774
9,180421,6,4,3774,1502
9,181923,4,6,1502,569
9,182492,6,5,569,1771
9,184263,5,6,1771,294
9,184557,6,5,294,810
9,185367,5,6,810,1409
9,186776,6,5,1409,3236
9,190012,5,6,3236,668
9,190680,6,5,668,825
9,191505,5,6,825,10157
9,201662,6,1,10157,247
9,201909,1,6,247,605
9,202514,6,1,605,441
9,202955,1,6,441,3069
9,206024,6,1,3069,122
9,206146,1,6,122,1535
9,207681,6,1,1535,341
9,208022,1,6,341,105
9,208127,6,1,105,523
9,208650,1,6,523,11302
9,219952,6,1,11302,395
9,220347,1,6,395,2262
9,222609,6,1,2262,67
9,222676,1,6,67,6151
9,228827,6,1,6151,808
9,229635,1,6,808,4727
9,234362,6,1,4727,2257
9,236619,1,6,2257,4296
9,240915,6,1,4296,673
9,241588,1,6,673,6048
9,247636,6,1,6048,172
9,247808,1,6,172,332
9,248140,6,1,332,4516
9,252656,1,6,4516,8507
9,261163,6,1,8507,2749
9,263912,1,6,2749,268
9,264180,6,1,268,196
9,264376,1,6,196,278
9,264654,6,1,278,114
9,264768,1,6,114,277
9,265045,6,3,277,760
9,266289,2,6,484,117
9,266406,6,1,117,1182
9,267588,1,6,1182,2903
9,270491,6,1,2903,493
9,270984,1,6,493,137
9,271121,6,1,137,1417
9,272538,1,6,1417,440
9,272978,6,1,440,4811
9,277789,1,6,4811,4369
9,282158,6,3,4369,332
9,282490,3,6,332,646
9,283136,6,3,646,147
9,283283,3,6,147,6845
9,290128,6,1,6845,163
9,290291,1,6,163,301
9,290592,6,5,301,439
9,291031,5,6,439,17390
9,308421,6,1,17390,573
9,309621,3,6,627,3851
9,313472,6,1,3851,371
9,313843,1,6,371,379
9,314222,6,1,379,3844
9,318066,1,6,3844,332
9,318398,6,5,332,2
9,318400,5,6,2,7
9,318407,6,5,7,24
9,318431,5,6,24,57638
9,376069,6,1,57638,142
9,376211,1,6,142,9871
9,386082,6,1,9871,975
9,387057,1,6,975,3093
9,390150,6,1,3093,23909
9,414059,1,6,23909,231
9,414290,6,1,231,140
9,414430,1,6,140,35
9,414465,6,5,35,290
9,414755,5,6,290,14465
9,429220,6,1,14465,159
9,429379,1,6,159,396
9,429775,6,2,396,239
9,430014,2,6,239,556
9,430570,6,1,556,635
9,431205,1,6,635,597
9,431802,6,1,597,805
9,432607,1,6,805,926
9,433533,6,1,926,3846
9,437379,1,6,3846,6069
9,443448,6,2,6069,621
9,445324,5,6,800,25151
9,470475,6,5,25151,105
9,470580,5,6,105,166
9,470746,6,3,166,1328
9,472074,3,6,1328,21584
9,493658,6,1,21584,346
9,494997,5,6,328,2621
9,497618,6,5,2621,495
9,498113,5,6,495,558
9,498671,6,5,558,442
9,499113,5,6,442,1094
9,500207,6,5,1094,715
9,500922,5,6,715,394
9,501316,6,1,394,607
9,501923,1,6,607,641
9,502564,6,5,641,718
9,503282,5,6,718,285
9,503567,6,4,285,216
9,503783,4,6,216,3661
9,507444,6,4,3661,187
9,507631,4,6,187,2756
9,510387,6,4,2756,185
9,510572,4,6,185,313
9,510885,6,4,313,443
9,511328,4,6,443,14325
9,525653,6,1,14325,123
9,525776,1,6,123,479
9,526255,6,3,479,321
9,526576,3,6,321,6027
9,532603,6,1,6027,137
9,532740,1,6,137,9855
9,542595,6,1,9855,439
9,543034,1,6,439,224
9,543258,6,1,224,2775
9,546033,1,6,2775,501
9,546534,6,1,501,1452
9,547986,1,6,1452,17812
9,565798,6,1,17812,116
9,565914,1,6,116,17327
9,583241,6,2,17327,1191
9,584701,1,6,269,431
9,585132,6,3,431,71
9,585203,3,6,71,48
9,585251,6,1,48,95
9,585346,1,6,95,152
9,585498,6,3,152,721
9,586219,3,6,721,2719
9,588938,6,1,2719,2351
9,591289,1,6,2351,611
9,591900,6,1,611,2075
9,593975,1,6,2075,1906
9,595881,6,1,1906,308
9,596189,1,6,308,1044
9,597233,6,1,1044,707
9,597940,1,6,707,5259
9,603199,6,1,5259,8134
9,611333,1,6,8134,7272
9,618605,6,4,7272,1223
9,622826,1,6,2998,6052
9,628878,6,1,6052,398
9,629276,1,6,398,1367
9,630643,6,1,1367,4226
9,634869,1,6,4226,3643
9,638512,6,1,3643,146
9,638658,1,6,146,758
9,639416,6,5,758,569
9,639985,5,6,569,2363
9,642348,6,5,2363,141
9,642489,5,6,141,5783
9,648272,6,1,5783,1019
9,649291,1,6,1019,11989
9,661280,6,1,11989,543
9,661823,1,6,543,1380
9,663203,6,1,1380,503
9,663706,1,6,503,854
9,664560,6,1,854,2023
9,666583,1,6,2023,237
9,666820,6,1,237,1626
9,668446,1,6,1626,6225
9,674671,6,1,6225,349
9,675020,1,6,349,2842
9,677862,6,3,2842,103
9,677965,3,6,103,679
9,678644,6,3,679,559
9,679498,1,6,295,36511
9,716009,6,1,36511,136
9,716145,1,6,136,544
9,716689,6,1,544,159
9,716848,1,6,159,121
9,716969,6,1,121,588
9,717557,1,6,588,96
9,717653,6,1,96,603
9,718256,1,6,603,565
9,718821,6,1,565,248
9,719069,1,6,248,434
9,719503,6,1,434,1301
9,720804,1,6,1301,1455
9,722259,6,1,1455,2253
9,724512,1,6,2253,7266
9,731778,6,1,7266,546
9,732324,1,6,546,485
9,732809,6,1,485,187
9,732996,1,6,187,108
9,733104,6,1,108,553
9,733657,1,6,553,1373
9,735030,6,1,1373,279
9,735309,1,6,279,4435
9,739744,6,5,4435,47
9,739791,5,6,47,80633
9,820424,6,4,80633,127
9,820551,4,6,127,33
9,820584,6,5,33,2589
9,827426,1,6,4253,518
9,827944,6,1,518,5951
9,834203,1,6,231,1542
9,835745,6,5,1542,270
9,836015,5,6,270,4776
9,840791,6,1,4776,417
9,841208,1,6,417,1537
9,842745,6,4,1537,199
9,860365,5,6,1335,177
9,860542,6,1,177,625
9,861167,1,6,625,1650
9,862817,6,1,1650,315
9,873061,5,6,1093,1716
9,874777,6,1,1716,348
9,875125,1,6,348,242
9,875367,6,4,242,624
9,875991,4,6,624,1586
9,877577,6,4,1586,1456
9,879033,4,6,1456,449
9,879482,6,4,449,3924
9,883406,4,6,3924,566
9,883972,6,4,566,476
9,884448,4,6,476,85
9,884533,6,4,85,2311
9,886844,4,6,2311,110
9,886954,6,1,110,451
9,888656,1,6,278,97
9,888753,6,1,97,208
9,888961,1,6,208,45
9,889006,6,4,45,821
9,889827,4,6,821,2443
9,892270,6,4,2443,647
9,892917,4,6,647,2230
9,895147,6,1,2230,1632
9,896779,1,6,1632,428
9,897207,6,1,428,750
9,897957,1,6,750,1168
9,899125,6,1,1168,307
9,899432,1,6,307,508
9,899940,6,1,508,777
9,900717,1,6,777,2554
9,903271,6,1,2554,4139
9,907410,1,6,4139,367
9,907777,6,1,367,1264
9,910392,1,6,802,1369
9,911761,6,1,1369,374
9,912135,1,6,374,641
9,912776,6,1,641,428
9,913204,1,6,428,306
9,913510,6,1,306,954
9,914464,1,6,954,424
9,914888,6,1,424,1802
9,916690,1,6,1802,259
9,916949,6,1,259,19565
9,936705,4,6,191,7325
9,944030,6,1,7325,7150
9,951180,1,6,7150,4872
9,956052,6,1,4872,3841
9,959893,1,6,3841,890
9,960783,6,1,890,2920
9,963703,1,6,2920,1524
9,965227,6,1,1524,1620
9,966847,1,6,1620,2403
9,969250,6,5,2403,79
9,970242,6,1,690,78
9,971081,6,1,368,955
9,972036,1,6,955,10035
9,982071,6,1,10035,368
9,982439,1,6,368,11496
9,993935,6,1,11496,1669
9,995604,1,6,1669,333
9,995937,6,1,333,684
9,996621,1,6,684,145
9,996766,6,1,145,585
9,997351,1,6,585,979
9,998330,6,1,979,213
9,998543,1,6,213,1157
9,999700,6,1,1157,656
9,1000356,1,6,656,880
9,1001236,6,1,880,484
9,1001720,1,6,484,2115
9,1003835,6,1,2115,656
9,1004491,1,6,656,261
9,1004752,6,1,261,487
9,1005239,1,6,487,1263
9,1006502,6,1,1263,498
9,1007000,1,6,498,1370
9,1008370,6,5,1370,322
9,1008692,5,6,322,191
9,1008883,6,5,191,365
9,1009248,5,6,365,363
9,1009611,6,1,363,131
9,1009742,1,6,131,1471
9,1011213,6,1,1471,1922
9,1013135,1,6,1922,1987
9,1015122,6,1,1987,808
9,1015930,1,6,808,240
9,1016170,6,1,240,4570
9,1020740,1,6,4570,1134
9,1021874,6,1,1134,1172
9,1026747,1,6,3506,1788
9,1028535,6,1,1788,774
9,1029309,1,6,774,1186
9,1030495,6,1,1186,266
9,1030761,1,6,266,1054
9,1031815,6,1,1054,414
9,1032229,1,6,414,182
9,1032411,6,1,182,1011
9,1033422,1,6,1011,283
9,1033705,6,5,283,183
9,1034698,1,6,810,681
9,1035379,6,1,681,311
9,1035690,1,6,311,379
9,1036069,6,1,379,3491
9,1039560,1,6,3491,16365
9,1055925,6,1,16365,7245
9,1063170,1,6,7245,20558
9,1083728,6,1,20558,19837
9,1103565,1,6,19837,29
9,1103594,6,5,29,497
9,1104091,5,6,497,2540
9,1106631,6,1,2540,688
9,1107319,1,6,688,697
9,1108016,6,1,697,2294
9,1110310,1,6,2294,4377
9,1114687,6,1,4377,7967
9,1122654,1,6,7967,51
9,1122705,6,5,51,228
9,1122933,5,6,228,5357
9,1128290,6,1,5357,678
9,1128968,1,6,678,834
9,1129802,6,1,834,1665
9,1131467,1,6,1665,3317
9,1134784,6,1,3317,762
9,1135546,1,6,762,1546
9,1137092,6,1,1546,1517
9,1138609,1,6,1517,3608
9,1142217,6,1,3608,1602
9,1160073,1,6,3828,492
9,1160565,6,1,492,16373
9,1176938,1,6,16373,334
9,1177272,6,5,334,1194
9,1178558,4,6,92,2371
10,1920,6,4,1920,723
10,2643,4,6,723,12241
10,14884,6,2,12241,120
10,15004,2,6,120,332
10,15336,6,2,332,473
10,15809,2,6,473,7708
10,40459,6,4,16787,34
10,40493,4,6,34,1560
10,60969,6,4,18186,810
10,61779,4,6,810,10815
10,72594,6,3,10815,491
10,73085,3,6,491,24522
10,97607,6,4,24522,171
10,104224,6,4,5944,96
10,145816,6,4,41273,417
10,147160,4,6,81,2089
10,149249,6,4,2089,240
10,149489,4,6,240,149
10,149638,6,4,149,70
10,149708,4,6,70,635
10,150343,6,4,635,180
10,150523,4,6,180,88
10,150611,6,4,88,104
10,150715,4,6,104,1763
10,152478,6,4,1763,250
10,152728,4,6,250,369
10,153097,6,4,369,303
10,153400,4,6,303,1061
10,154461,6,4,1061,1518
10,155979,4,6,1518,114
10,156093,6,4,114,31
10,156124,4,6,31,611
10,156735,6,4,611,116
10,156851,4,6,116,5145
10,161996,6,4,5145,200
10,162196,4,6,200,2612
10,164808,6,4,2612,104
10,164912,4,6,104,23710
10,188622,6,4,23710,110
10,188732,4,6,110,1986
10,190718,6,4,1986,208
10,196704,4,6,256,14413
10,220350,6,4,102,541
10,220891,4,6,541,6060
10,226951,6,4,6060,670
10,227621,4,6,670,1386
10,229964,6,4,819,55
10,230019,4,6,55,7025
10,237044,6,4,7025,130
10,237174,4,6,130,9
10,237183,6,4,9,1141
10,238324,4,6,1141,417
10,238741,6,4,417,28
10,238769,4,6,28,5541
10,244310,6,5,5541,473
10,244783,5,6,473,205
10,245085,6,2,72,234
10,245319,2,6,234,20
10,245339,6,2,20,19
10,245358,2,6,19,132
10,245490,6,2,132,166
10,245656,2,6,166,34
10,245690,6,2,34,19
10,245709,2,6,19,84
10,245793,6,2,84,100
10,245893,2,6,100,5218
10,251111,6,1,5218,80
10,251191,1,6,80,1193
10,262818,6,1,10330,32
10,262850,1,6,32,2400
10,265250,6,2,2400,77
10,267129,1,6,33,208
10,269849,6,4,2494,222
10,277881,6,4,6624,196
10,278077,4,6,196,3246
10,281323,6,5,3246,419
10,281742,5,6,419,209
10,281951,6,3,209,129
10,282080,3,6,129,394
10,282474,6,3,394,266
10,282740,3,6,266,734
10,285328,6,4,560,81
10,290345,3,6,63,2694
10,293039,6,4,2694,5534
10,298573,4,6,5534,5275
10,303848,6,4,5275,152
10,304000,4,6,152,571
10,304571,6,4,571,151
10,304722,4,6,151,647
10,305369,6,4,647,212
10,305581,4,6,212,675
10,306256,6,4,675,163
10,306419,4,6,163,200
10,306782,4,6,91,1480
10,308262,6,4,1480,412
10,308674,4,6,412,40
10,308714,6,3,40,701
10,309415,3,6,701,1505
10,317980,5,6,141,7863
10,325843,6,4,7863,214
10,334612,6,4,8205,617
10,335229,4,6,617,5321
10,340550,6,4,5321,79
10,340629,4,6,79,671
10,341300,6,4,671,92
10,341392,4,6,92,2507
10,343899,6,4,2507,124
10,344023,4,6,124,3562
10,347585,6,4,3562,142
10,347727,4,6,142,3437
10,351164,6,4,3437,11
10,351175,4,6,11,1048
10,353805,6,4,384,171
10,353976,4,6,171,4158
10,358134,6,4,4158,169
10,358303,4,6,169,288
10,358591,6,4,288,67
10,358658,4,6,67,540
10,359198,6,4,540,1331
10,360529,4,6,1331,3127
10,363656,6,4,3127,110
10,363766,4,6,110,4
10,363770,6,4,4,1157
10,364927,4,6,1157,1857
10,366784,6,4,1857,92
10,366876,4,6,92,690
10,367566,6,4,690,464
10,368030,4,6,464,258
10,368288,6,4,258,160
10,368448,4,6,160,3267
10,371715,6,5,3267,121
10,376128,5,6,58,544
10,376672,6,3,544,132
10,377788,3,6,221,417
10,378205,6,4,417,834
10,389345,4,6,228,173
10,389518,6,3,173,544
10,390062,3,6,544,326
10,390388,6,1,326,37
10,390425,1,6,37,26
10,390451,6,1,26,83
10,390534,1,6,83,43
10,390577,6,1,43,176
10,391824,6,1,883,205
10,392029,1,6,205,26
10,392055,6,1,26,453
10,392616,6,1,104,205
10,392821,1,6,205,134
10,392955,6,1,134,499
10,393454,1,6,499,22
10,393476,6,1,22,655
10,394131,1,6,655,130
10,394261,6,1,130,656
10,394917,1,6,656,168
10,395085,6,1,168,290
10,395471,1,6,68,831
10,396302,6,1,831,220
10,397922,3,6,496,13
10,397935,6,3,13,535
10,400265,1,6,289,838
10,401103,6,1,838,343
10,401446,1,6,343,53
10,401499,6,1,53,593
10,402818,3,6,30,47
10,402865,6,1,47,1008
10,405647,3,6,130,80
10,405727,6,1,80,217
10,407988,1,6,114,209
10,408197,6,1,209,2
10,408199,1,6,2,34
10,408233,6,1,34,301
10,409021,1,6,161,151
10,409172,6,1,151,478
10,409650,1,6,478,137
10,409787,6,1,137,309
10,410399,1,6,17,74
10,410902,6,1,204,136
10,415382,6,4,1422,34
10,415703,4,6,263,183
10,415886,6,4,183,197
10,416083,4,6,197,149
10,416232,6,4,149,38
10,416270,4,6,38,41
10,416311,6,4,41,915
10,417226,4,6,915,176
10,417402,6,4,176,2027
10,419429,4,6,2027,179
10,420089,6,4,438,634
10,420723,4,6,634,653
10,421376,6,4,653,266
10,421642,4,6,266,335
10,421977,6,4,335,637
10,422614,4,6,637,82
10,422696,6,4,82,17
10,422713,4,6,17,19
10,422732,6,4,19,38
10,422770,4,6,38,363
10,423133,6,4,363,3550
10,426683,4,6,3550,143
10,426826,6,4,143,207
10,427033,4,6,207,127
10,427160,6,4,127,1730
10,428890,4,6,1730,57
10,428947,6,3,57,37
10,428984,3,6,37,168
10,429152,6,3,168,1147
10,430768,6,1,91,87
10,430855,1,6,87,5637
10,436492,6,2,5637,218
10,436710,2,6,218,6
10,436716,6,2,6,91
10,437211,2,6,82,132
10,440436,4,6,143,53
10,440489,6,4,53,26
10,440515,4,6,26,2888
10,443403,6,3,2888,635
10,444038,3,6,635,9917
10,453955,6,4,9917,653
10,454608,4,6,653,7952
10,462560,6,4,7952,54
10,462614,4,6,54,544
10,463158,6,4,544,1336
10,464494,4,6,1336,595
10,468350,5,6,200,1599
10,469949,6,5,1599,373
10,470322,5,6,373,508
10,471645,2,6,111,7
10,471652,6,2,7,29
10,471681,2,6,29,1751
10,473432,6,4,1751,7452
10,484225,4,6,391,16252
10,500477,6,4,16252,99
10,500576,4,6,99,822
10,501398,6,4,822,359
10,501757,4,6,359,269
10,502026,6,4,269,34
10,502060,4,6,34,161
10,502221,6,4,161,399
10,502620,4,6,399,221
10,502841,6,4,221,11
10,502852,4,6,11,1522
10,504374,6,4,1522,154
10,504528,4,6,154,15
10,504543,6,5,15,239
10,504782,5,6,239,1
10,504783,6,5,1,87
10,504870,5,6,87,7591
10,512461,6,5,7591,138
10,518954,4,6,6355,6043
10,524997,6,5,6043,654
10,525686,4,6,35,338
10,526024,6,3,338,1186
10,527210,3,6,1186,11711
10,538921,6,4,11711,277
10,542963,6,4,863,182
10,543145,4,6,182,1433
10,544578,6,4,1433,81
10,544659,4,6,81,7678
10,552337,6,4,7678,474
10,552811,4,6,474,11897
10,564708,6,4,11897,937
10,576834,6,4,10253,291
10,577125,4,6,291,546
10,577671,6,5,546,640
10,579639,5,6,1269,17
10,579656,6,5,17,50
10,579792,4,6,86,292
10,580084,6,4,292,4
10,580088,4,6,4,105
10,580193,6,5,105,147
10,580340,5,6,147,99
10,580439,6,5,99,147
10,580915,4,6,329,111
10,581026,6,4,111,104
10,581392,5,6,262,106
10,581498,6,4,106,37
10,581535,4,6,37,27
10,581562,6,4,27,313
10,581875,4,6,313,157
10,582032,6,5,157,165
10,582197,5,6,165,2558
10,584755,6,4,2558,101
10,584856,4,6,101,408
10,585264,6,3,408,26
10,585290,3,6,26,35
10,585325,6,3,35,434
10,585759,3,6,434,223
10,585982,6,3,223,51
10,586033,3,6,51,7237
10,597401,6,3,4057,96
10,598351,4,6,139,424
10,598775,6,4,424,274
10,599049,4,6,274,1265
10,600314,6,4,1265,39
10,600998,4,6,112,1
10,600999,6,4,1,18
10,601017,4,6,18,11119
10,612136,6,4,11119,1236
10,613372,4,6,1236,913
10,614285,6,5,913,186
10,616110,5,6,40,441
10,616551,6,5,441,307
10,616858,5,6,307,119
10,616977,6,5,119,75
10,617052,5,6,75,734
10,617786,6,4,734,21
10,617807,4,6,21,16
10,617823,6,4,16,675
10,618691,5,6,193,6572
10,625263,6,4,6572,328
10,625591,4,6,328,13130
10,639069,6,4,276,205
10,639274,4,6,205,2333
10,641607,6,4,2333,77
10,641684,4,6,77,696
10,642380,6,4,696,232
10,642612,4,6,232,1406
10,644018,6,4,1406,5
10,644023,4,6,5,444
10,644467,6,5,444,696
10,645163,5,6,696,2349
10,647512,6,5,2349,298
10,647810,5,6,298,751
10,648561,6,3,751,290
10,648851,3,6,290,154
10,649005,6,3,154,24
10,649029,3,6,24,40
10,649069,6,3,40,47
10,649252,2,6,136,10818
10,660070,6,4,10818,114
10,660184,4,6,114,15036
10,675220,6,5,15036,33
10,675253,5,6,33,2445
10,677698,6,2,2445,531
10,678970,3,6,407,339
10,682100,4,6,183,7418
10,689518,6,4,7418,55
10,690036,6,5,128,17
10,690053,5,6,17,48068
10,738121,6,4,48068,126
10,738247,4,6,126,965
10,739212,6,5,965,91
10,739303,5,6,91,222
10,739525,6,4,222,136
10,739761,5,6,99,72
10,739833,6,4,72,368
10,740201,4,6,368,367
10,740568,6,4,367,75
10,740643,4,6,75,745
10,741388,6,4,745,1297
10,742685,4,6,1297,2508
10,745193,6,4,2508,104
10,745297,4,6,104,1354
10,746651,6,4,1354,66
10,746717,4,6,66,570
10,747287,6,4,570,179
10,747466,4,6,179,1784
10,749250,6,4,1784,49
10,749299,4,6,49,3890
10,753189,6,4,3890,81
10,753270,4,6,81,256
10,753526,6,4,256,257
10,753783,4,6,257,521
10,754304,6,4,521,99
10,754403,4,6,99,4328
10,758731,6,4,4328,936
10,759667,4,6,936,177
10,759844,6,4,177,1152
10,760996,4,6,1152,84
10,761080,6,4,84,1053
10,762133,4,6,1053,353
10,762486,6,4,353,119
10,762605,4,6,119,74
10,762679,6,4,74,737
10,763416,4,6,737,240
10,763656,6,4,240,244
10,763900,4,6,244,151
10,764051,6,4,151,1986
10,766037,4,6,1986,161
10,766198,6,4,161,1945
10,768143,4,6,1945,16
10,768159,6,4,16,6027
10,774186,4,6,6027,191
10,774377,6,4,191,8
10,774385,4,6,8,233
10,774618,6,4,233,29
10,774647,4,6,29,627
10,775274,6,4,627,117
10,775391,4,6,117,165
10,775556,6,4,165,196
10,775752,4,6,196,171
10,775923,6,4,171,68
10,775991,4,6,68,20
10,776011,6,4,20,3
10,776014,4,6,3,251
10,776265,6,4,251,25
10,776290,4,6,25,189
10,776479,6,4,189,74
10,776553,4,6,74,299
10,776852,6,4,299,2149
10,779001,4,6,2149,671
10,779672,6,4,671,617
10,780289,4,6,617,96
10,780385,6,4,96,3607
10,783992,4,6,3607,97
10,784089,6,4,97,470
10,784559,4,6,470,122
10,784681,6,4,122,354
10,785035,4,6,354,1009
10,786044,6,4,1009,202
10,786246,4,6,202,8262
10,794508,6,4,8262,87
10,800415,6,5,731,143
10,800558,5,6,143,6850
10,807408,6,4,6850,82
10,822191,6,3,14671,459
10,822650,3,6,459,27
10,822677,6,3,27,22
10,822699,3,6,22,228
10,822927,6,3,228,10572
10,833499,3,6,10572,353
10,835389,6,5,1524,145
10,835534,5,6,145,6132
10,842810,6,3,833,114
10,842924,3,6,114,2419
10,845343,6,3,2419,77
10,845420,3,6,77,1737
10,847157,6,1,1737,24
10,847181,1,6,24,1144
10,848325,6,1,1144,58
10,848383,1,6,58,13
10,848396,6,1,13,84
10,848480,1,6,84,262
10,848742,6,3,262,45
10,848787,3,6,45,57182
10,906522,1,6,261,37
10,906559,6,3,37,41
10,906600,3,6,41,732
10,907332,6,1,732,39
10,907386,3,6,15,91
10,907477,6,3,91,31
10,907508,3,6,31,48
10,907556,6,3,48,224
10,908640,3,6,234,43
10,908683,6,3,43,60
10,908900,1,6,157,76
10,908976,6,3,76,145
10,909121,3,6,145,50
10,909171,6,1,50,270
10,909441,1,6,270,32
10,909473,6,1,32,10
10,909483,1,6,10,392
10,909875,6,3,392,75
10,909950,3,6,75,13044
10,925978,1,6,61,416
10,928143,6,3,1688,53
10,928196,3,6,53,23
10,928219,6,3,23,47
10,928266,3,6,47,367
10,928633,6,3,367,53
10,928686,3,6,53,27
10,928713,6,3,27,78
10,928791,3,6,78,6232
10,935023,6,1,6232,12
10,935035,1,6,12,26
10,935061,6,1,26,427
10,935488,1,6,427,230
10,935718,6,3,230,104
10,935822,3,6,104,919
10,936741,6,5,919,110
10,936851,5,6,110,1546
10,938397,6,3,1546,117
10,938514,3,6,117,12303
10,950817,6,3,12303,164
10,951218,4,6,121,6558
10,957776,6,1,6558,197
10,957973,1,6,197,524
10,958497,6,1,524,5
10,958502,1,6,5,5981
10,964483,6,2,5981,135
10,964618,2,6,135,18175
10,982793,6,4,18175,110
10,982903,4,6,110,111
10,983014,6,4,111,2830
10,985844,4,6,2830,125
10,985969,6,4,125,689
10,986658,4,6,689,142
10,986800,6,4,142,1867
10,988667,4,6,1867,77
10,988744,6,4,77,3724
10,992468,4,6,3724,138
10,992606,6,4,138,983
10,993589,4,6,983,312
10,993901,6,4,312,1903
10,995804,4,6,1903,45
10,995849,6,4,45,201
10,996050,4,6,201,58
10,996108,6,4,58,903
10,997011,4,6,903,35
10,997046,6,4,35,202
10,997248,4,6,202,50
10,997298,6,4,50,24
10,997322,4,6,24,75
10,997397,6,4,75,227
10,997624,4,6,227,195
10,997819,6,4,195,397
10,998216,4,6,397,184
10,998400,6,4,184,77
10,998477,4,6,77,9
10,998486,6,4,9,22
10,998508,4,6,22,29
10,998537,6,4,29,271
10,998808,4,6,271,112
10,998920,6,4,112,4240
10,1003160,4,6,4240,89
10,1003249,6,4,89,505
10,1003754,4,6,505,172
10,1003926,6,4,172,39
10,1003965,4,6,39,31
10,1003996,6,4,31,146
10,1004142,4,6,146,193
10,1004335,6,4,193,234
10,1004569,4,6,234,80
10,1004649,6,4,80,403
10,1005052,4,6,403,51
10,1005103,6,4,51,1150
10,1006253,4,6,1150,525
10,1009540,4,6,1310,4158
10,1013698,6,4,4158,133
10,1013831,4,6,133,339
10,1014170,6,4,339,528
10,1014698,4,6,528,7050
10,1022691,6,1,343,75
10,1022766,1,6,75,2058
10,1036906,6,1,3703,32
10,1036938,1,6,32,756
10,1037694,6,1,756,523
10,1038217,1,6,523,3588
10,1041805,6,3,3588,137
10,1042238,3,6,78,178
10,1042416,6,1,178,92
10,1042508,1,6,92,20328
10,1062836,6,1,20328,249
10,1063085,1,6,249,1364
10,1064449,6,3,1364,534
10,1064983,3,6,534,5039
10,1070022,6,3,5039,15842
10,1085864,3,6,15842,15456
10,1101320,6,3,15456,114
10,1101434,3,6,114,53
10,1102620,6,3,825,368
10,1102988,3,6,368,416
10,1103404,6,5,416,482
10,1104000,4,6,114,8936
10,1122114,6,1,7971,112
10,1122226,1,6,112,1426
10,1123652,6,4,1426,972
10,1124624,4,6,972,2757
10,1127381,6,4,2757,239
10,1127620,4,6,239,641
10,1130655,1,6,12,259
10,1132559,6,4,1460,779
10,1133338,4,6,779,1128
10,1134466,6,4,1128,93
10,1177151,6,4,35251,131
10,1177736,4,6,182,3193
11,1447,6,4,1388,72
11,1519,4,6,72,7443
11,8962,6,2,7443,365
11,9327,2,6,365,257
11,9584,6,2,257,78
11,9756,1,6,94,131
11,9887,6,1,131,139
11,10026,1,6,139,645
11,10671,6,1,645,49
11,10720,1,6,49,490
11,11210,6,1,490,2859
11,14607,2,6,60,735
11,15342,6,2,735,1534
11,23438,3,6,7,1442
11,24880,6,1,1442,1502
11,26382,1,6,1502,740
11,27122,6,1,740,68
11,27190,1,6,68,743
11,27933,6,1,743,212
11,28145,1,6,212,730
11,28875,6,1,730,319
11,29194,1,6,319,83
11,29277,6,1,83,125
11,29402,1,6,125,349
11,29751,6,1,349,148
11,29899,1,6,148,472
11,30371,6,1,472,330
11,30701,1,6,330,5446
11,36147,6,1,5446,79
11,36226,1,6,79,623
11,36849,6,1,623,572
11,37421,1,6,572,1183
11,38604,6,1,1183,359
11,38963,1,6,359,250
11,39213,6,1,250,2874
11,42087,1,6,2874,1610
11,43697,6,1,1610,535
11,44232,1,6,535,338
11,44570,6,1,338,45
11,44615,1,6,45,86
11,44701,6,1,86,788
11,45489,1,6,788,385
11,45874,6,1,385,306
11,46180,1,6,306,272
11,46452,6,1,272,335
11,46787,1,6,335,33
11,46820,6,1,33,363
11,47183,1,6,363,160
11,47343,6,1,160,555
11,47898,1,6,555,111
11,48009,6,1,111,292
11,48301,1,6,292,469
11,48770,6,1,469,3924
11,52694,1,6,3924,8183
11,60877,6,4,8183,460
11,61337,4,6,460,242
11,61579,6,4,242,139
11,61718,4,6,139,2476
11,64194,6,1,2476,636
11,64830,1,6,636,34
11,64864,6,1,34,139
11,65003,1,6,139,315
11,65318,6,1,315,97
11,65415,1,6,97,4712
11,70127,6,3,4712,478
11,75173,1,6,4374,1076
11,76249,6,3,1076,233
11,76482,3,6,233,1230
11,77712,6,4,1230,219
11,77931,4,6,219,1151
11,79082,6,4,1151,193
11,79313,1,6,38,2276
11,81589,6,1,2276,120
11,81709,1,6,120,1155
11,82864,6,1,1155,701
11,83565,1,6,701,194
11,83759,6,1,194,993
11,84752,1,6,993,2609
11,87361,6,3,2609,324
11,87685,3,6,324,57
11,87742,6,1,57,147
11,87889,1,6,147,312
11,88201,6,1,312,1372
11,89573,1,6,1372,5316
11,94889,6,1,5316,219
11,95108,1,6,219,3996
11,99104,6,3,3996,404
11,99508,3,6,404,4802
11,104310,6,4,4802,92
11,104402,4,6,92,1130
11,105532,6,1,1130,2645
11,108177,1,6,2645,25979
11,134156,6,3,25979,484
11,134688,1,6,48,4590
11,139278,6,1,4590,792
11,140070,1,6,792,23923
11,163993,6,4,23923,101
11,164094,4,6,101,5329
11,169423,6,1,5329,452
11,169875,1,6,452,83
11,169958,6,1,83,465
11,170423,1,6,465,12297
11,182720,6,4,12297,151
11,182871,4,6,151,266
11,183137,6,4,266,932
11,184069,4,6,932,476
11,184545,6,4,476,79
11,184624,4,6,79,1566
11,186190,6,4,1566,635
11,186825,4,6,635,69
11,186894,6,4,69,411
11,187305,4,6,411,316
11,187621,6,4,316,333
11,187954,4,6,333,127
11,188081,6,4,127,504
11,188585,4,6,504,274
11,188859,6,4,274,796
11,189655,4,6,796,215
11,189870,6,4,215,668
11,190538,4,6,668,7703
11,198241,6,4,7703,103
11,198344,4,6,103,536
11,198880,6,4,536,499
11,199379,4,6,499,180
11,199559,6,4,180,270
11,199829,4,6,270,9581
11,209410,6,1,9581,135
11,209545,1,6,135,8892
11,218437,6,1,8892,112
11,218549,1,6,112,6012
11,224561,6,4,6012,180
11,224741,4,6,180,1895
11,226636,6,4,1895,334
11,226970,4,6,334,9929
11,236899,6,4,9929,69
11,236968,4,6,69,8101
11,245069,6,3,8101,96
11,245165,3,6,96,240
11,245405,6,3,240,648
11,246053,3,6,648,9395
11,255448,6,1,9395,129
11,255577,1,6,129,5425
11,261002,6,1,5425,616
11,261618,1,6,616,1987
11,263605,6,1,1987,645
11,266519,3,6,794,2918
11,269437,6,1,2918,831
11,270268,1,6,831,2026
11,272294,6,1,2026,532
11,272826,1,6,532,796
11,273622,6,1,796,208
11,273830,1,6,208,169
11,273999,6,1,169,329
11,274328,1,6,329,102
11,274430,6,1,102,3473
11,277903,1,6,3473,3782
11,281685,6,5,3782,239
11,282133,3,6,209,326
11,282459,6,3,326,525
11,282984,3,6,525,2095
11,285079,6,1,2095,602
11,285681,1,6,602,628
11,286309,6,1,628,75
11,286384,1,6,75,1210
11,287594,6,1,1210,154
11,287748,1,6,154,1637
11,289385,6,4,1637,184
11,290613,1,6,1044,2170
11,292783,6,1,2170,236
11,293019,1,6,236,234
11,293253,6,1,234,131
11,293384,1,6,131,214
11,293598,6,1,214,131
11,293729,1,6,131,152
11,293881,6,1,152,545
11,294426,1,6,545,6592
11,301018,6,4,6592,145
11,301163,4,6,145,3417
11,304580,6,1,3417,185
11,304765,1,6,185,579
11,305344,6,1,579,458
11,305802,1,6,458,203
11,306005,6,1,203,31
11,306036,1,6,31,215
11,306251,6,1,215,555
11,306806,1,6,555,1128
11,307934,6,1,1128,369
11,308303,1,6,369,781
11,309084,6,3,781,257
11,309341,3,6,257,219
11,309560,6,3,219,167
11,309727,3,6,167,147
11,309874,6,1,147,255
11,310129,1,6,255,1043
11,311172,6,3,1043,99
11,311271,3,6,99,2031
11,313302,6,1,2031,408
11,313710,1,6,408,297
11,314007,6,1,297,998
11,315005,1,6,998,284
11,315289,6,1,284,151
11,315440,1,6,151,737
11,316177,6,1,737,265
11,316442,1,6,265,844
11,317286,6,1,844,838
11,318124,1,6,838,6202
11,324326,6,1,6202,227
11,324553,1,6,227,3952
11,328505,6,1,3952,51
11,328556,1,6,51,3768
11,332324,6,1,3768,632
11,332956,1,6,632,224
11,333180,6,1,224,535
11,333715,1,6,535,542
11,334257,6,1,542,326
11,334583,1,6,326,2090
11,336673,6,1,2090,62
11,336735,1,6,62,47
11,336782,6,1,47,172
11,336954,1,6,172,1187
11,338141,6,1,1187,111
11,338252,1,6,111,14233
11,352485,6,1,14233,83
11,352568,1,6,83,423
11,352991,6,1,423,189
11,353180,1,6,189,5460
11,358640,6,1,5460,129
11,358769,1,6,129,6243
11,365012,6,1,6243,35
11,365047,1,6,35,1802
11,366849,6,1,1802,99
11,366948,1,6,99,711
11,367659,6,1,711,170
11,367829,1,6,170,8658
11,376487,6,3,8658,414
11,377723,2,6,822,4973
11,382696,6,1,4973,3445
11,386141,1,6,3445,103
11,386244,6,1,103,82
11,386326,1,6,82,241
11,386567,6,1,241,2624
11,389191,1,6,2624,427
11,389618,6,3,427,497
11,390115,3,6,497,227
11,390342,6,1,227,637
11,390979,1,6,637,5737
11,396716,6,2,5737,366
11,397082,2,6,366,4843
11,401925,6,1,4843,205
11,402130,1,6,205,4689
11,406819,6,3,4689,562
11,407381,3,6,562,12541
11,419922,6,3,12541,18
11,419940,3,6,18,8202
11,428142,6,1,8202,68
11,428210,1,6,68,1075
11,429285,6,2,1075,644
11,430414,3,6,267,152
11,430566,6,3,152,275
11,430841,3,6,275,5652
11,436493,6,3,5652,171
11,437455,1,6,791,796
11,438251,6,1,796,53
11,438304,1,6,53,869
11,439173,6,1,869,950
11,440123,1,6,950,3976
11,444099,6,1,3976,347
11,444446,1,6,347,2221
11,446667,6,1,2221,95
11,446762,1,6,95,18695
11,465457,6,4,18695,1170
11,466627,4,6,1170,245
11,466872,6,4,245,143
11,467015,4,6,143,3447
11,470462,6,4,3447,250
11,470712,4,6,250,418
11,471130,6,3,418,574
11,471704,3,6,574,1310
11,473014,6,1,1310,206
11,473220,1,6,206,8921
11,482141,6,4,8921,1066
11,483207,4,6,1066,343
11,483550,6,4,343,501
11,484051,4,6,501,3375
11,487426,6,4,3375,256
11,487682,4,6,256,5840
11,493522,6,4,5840,270
11,493792,4,6,270,7859
11,501651,6,4,7859,678
11,502329,4,6,678,148
11,502477,6,4,148,130
11,502607,4,6,130,322
11,502929,6,1,322,294
11,503223,1,6,294,973
11,504196,6,4,973,133
11,504329,4,6,133,9084
11,513413,6,4,9084,591
11,514004,4,6,591,6967
11,520971,6,4,6967,37
11,521008,4,6,37,4590
11,525598,6,4,4590,263
11,525861,4,6,263,438
11,526299,6,3,438,599
11,526898,3,6,599,6505
11,533403,6,3,6505,209
11,533612,3,6,209,6496
11,540108,6,1,6496,305
11,540413,1,6,305,7600
11,548013,6,1,7600,75
11,548088,1,6,75,4374
11,552462,6,4,4374,235
11,552697,4,6,235,265
11,552962,6,4,265,221
11,553183,4,6,221,10719
11,563902,6,4,10719,111
11,564013,4,6,111,238
11,564251,6,4,238,248
11,564499,4,6,248,17760
11,582259,6,4,17760,264
11,582523,4,6,264,2319
11,584842,6,4,2319,244
11,585086,4,6,244,318
11,585404,6,3,318,452
11,585856,3,6,452,18162
11,604018,6,1,18162,238
11,604256,1,6,238,3045
11,607301,6,1,3045,379
11,607680,1,6,379,157
11,607837,6,1,157,554
11,608391,1,6,554,9296
11,617687,6,5,9296,220
11,617907,5,6,220,6021
11,623928,6,4,6021,998
11,624926,4,6,998,18626
11,643552,6,4,18626,1032
11,644584,4,6,1032,862
11,645446,6,4,862,109
11,645555,4,6,109,483
11,646038,6,4,483,26
11,646064,4,6,26,379
11,646443,6,4,379,109
11,646552,4,6,109,543
11,647095,6,4,543,132
11,647227,4,6,132,535
11,647762,6,4,535,404
11,648166,4,6,404,12539
11,660705,6,1,12539,50
11,660755,1,6,50,1142
11,661897,6,4,1142,238
11,662135,4,6,238,621
11,662756,6,1,621,316
11,663072,1,6,316,692
11,663764,6,1,692,118
11,663882,1,6,118,4717
11,668599,6,4,4717,195
11,668794,4,6,195,1846
11,670640,6,4,1846,66
11,670706,4,6,66,4224
11,674930,6,4,4224,200
11,675130,4,6,200,135
11,675265,6,4,135,202
11,675467,4,6,202,2095
11,677562,6,4,2095,182
11,677744,4,6,182,357
11,678101,6,3,357,961
11,679062,3,6,961,10435
11,689497,6,4,10435,156
11,689653,4,6,156,1444
11,691097,6,4,1444,19
11,691116,4,6,19,259
11,691375,6,4,259,291
11,691666,4,6,291,440
11,692106,6,4,440,1225
11,693331,4,6,1225,182
11,693513,6,4,182,803
11,694316,4,6,803,378
11,694694,6,4,378,593
11,695287,4,6,593,14930
11,710217,6,4,14930,137
11,710354,4,6,137,6713
11,717067,6,4,6713,389
11,717456,4,6,389,3376
11,720832,6,1,3376,1137
11,721969,1,6,1137,2749
11,724718,6,4,2749,334
11,725052,4,6,334,623
11,725675,6,4,623,211
11,725886,4,6,211,7487
11,733373,6,1,7487,129
11,733502,1,6,129,719
11,734221,6,1,719,372
11,734593,1,6,372,17453
11,752046,6,4,17453,281
11,752327,4,6,281,6171
11,758498,6,4,6171,211
11,758709,4,6,211,939
11,759648,6,4,939,255
11,759903,4,6,255,176
11,760079,6,4,176,189
11,760268,4,6,189,2249
11,762517,6,4,2249,233
11,762750,4,6,233,658
11,763408,6,4,658,922
11,764330,4,6,922,1528
11,765858,6,4,1528,521
11,766379,4,6,521,87
11,766466,6,4,87,107
11,766573,4,6,107,636
11,767209,6,4,636,92
11,767301,4,6,92,684
11,767985,6,4,684,302
11,768287,4,6,302,852
11,769139,6,4,852,191
11,769330,4,6,191,307
11,769637,6,4,307,52
11,769689,4,6,52,129
11,769818,6,4,129,466
11,770284,4,6,466,209
11,770493,6,4,209,167
11,770660,4,6,167,348
11,771008,6,4,348,193
11,771201,4,6,193,354
11,771555,6,4,354,387
11,771942,4,6,387,886
11,772828,6,4,886,267
11,773095,4,6,267,952
11,774047,6,4,952,453
11,774500,4,6,453,573
11,775073,6,4,573,479
11,775552,4,6,479,720
11,776272,6,4,720,272
11,776544,4,6,272,126
11,776670,6,4,126,183
11,776853,4,6,183,937
11,777790,6,4,937,180
11,777970,4,6,180,13759
11,791729,6,1,13759,153
11,791882,1,6,153,4210
11,796092,6,1,4210,205
11,796297,1,6,205,468
11,796765,6,1,468,461
11,797226,1,6,461,174
11,797400,6,1,174,2086
11,799486,1,6,2086,5121
11,804607,6,4,5121,256
11,804863,4,6,256,10608
11,815471,6,3,10608,652
11,816123,3,6,652,5209
11,821332,6,1,5209,234
11,821566,1,6,234,200
11,821766,6,1,200,243
11,822009,1,6,243,942
11,822951,6,1,942,195
11,823146,1,6,195,148
11,823294,6,1,148,493
11,823787,1,6,493,9854
11,833641,6,3,9854,189
11,833935,4,6,105,6512
11,840447,6,1,6512,232
11,840679,1,6,232,693
11,841372,6,1,693,430
11,841802,1,6,430,346
11,842148,6,1,346,7496
11,849644,1,6,7496,589
11,850233,6,1,589,7950
11,858183,1,6,7950,1934
11,860117,6,4,1934,85
11,860202,4,6,85,1090
11,861292,6,1,1090,244
11,861536,1,6,244,272
11,861808,6,1,272,485
11,862293,1,6,485,77
11,862370,6,1,77,324
11,863086,4,6,392,291
11,863377,6,1,291,112
11,864245,4,6,416,198
11,864443,6,4,198,279
11,864722,4,6,279,241
11,864963,6,4,241,735
11,870892,1,6,1650,66
11,870958,6,1,66,864
11,871822,1,6,864,14859
11,886681,6,1,14859,3236
11,889917,1,6,3236,85
11,890002,6,1,85,1339
11,891341,1,6,1339,129
11,891470,6,1,129,870
11,892340,1,6,870,1161
11,893501,6,3,1161,1459
11,894960,3,6,1459,1889
11,896849,6,3,1889,330
11,897179,3,6,330,6203
11,903382,6,1,6203,895
11,904277,1,6,895,132
11,904409,6,1,132,144
11,904553,1,6,144,499
11,905052,6,1,499,5161
11,910213,1,6,5161,4089
11,914302,6,1,4089,121
11,914423,1,6,121,2708
11,917131,6,1,2708,80
11,917211,1,6,80,6237
11,923448,6,1,6237,299
11,923747,1,6,299,928
11,924675,6,1,928,1793
11,926468,1,6,1793,9179
11,935647,6,4,9179,499
11,936265,1,6,119,18201
11,954466,6,2,18201,195
11,954661,2,6,195,1035
11,955696,6,1,1035,646
11,956342,1,6,646,142
11,956484,6,1,142,196
11,956680,1,6,196,1096
11,957776,6,1,1096,1713
11,959489,1,6,1713,899
11,960388,6,4,899,110
11,960763,1,6,265,456
11,961219,6,1,456,993
11,962212,1,6,993,4990
11,967202,6,1,4990,1191
11,968393,1,6,1191,211
11,968604,6,1,211,1062
11,969666,1,6,1062,506
11,970172,6,1,506,8
11,970512,1,6,37,387
11,970899,6,4,387,676
11,971575,4,6,676,300
11,971875,6,4,300,642
11,973183,1,6,666,2049
11,975232,6,1,2049,463
11,975695,1,6,463,1512
11,977207,6,1,1512,8
11,977610,4,6,395,630
11,978240,6,1,630,142
11,978620,4,6,238,807
11,979427,6,4,807,148
11,979575,4,6,148,788
11,980363,6,4,788,244
11,981291,4,6,643,11479
11,992770,6,1,11479,768
11,993538,1,6,768,128
11,993666,6,1,128,476
11,994142,1,6,476,12200
11,1006342,6,1,12200,91
11,1006433,1,6,91,8655
11,1015088,6,1,8655,155
11,1015283,4,6,40,147
11,1015430,6,4,147,224
11,1018904,1,6,3092,279
11,1019183,6,1,279,448
11,1019631,1,6,448,263
11,1019894,6,1,263,1617
11,1021991,1,6,394,375
11,1022366,6,4,375,156
11,1025462,1,6,2940,415
11,1025877,6,1,415,149
11,1026026,1,6,149,8513
11,1034539,6,1,8513,223
11,1034762,1,6,223,1488
11,1036250,6,1,1488,721
11,1036971,1,6,721,389
11,1037360,6,1,389,4838
11,1042198,1,6,4838,536
11,1042734,6,4,536,204
11,1042938,4,6,204,5904
11,1048842,6,4,5904,483
11,1049325,4,6,483,478
11,1049803,6,4,478,90
11,1049893,4,6,90,438
11,1050331,6,4,438,188
11,1050519,4,6,188,489
11,1051008,6,4,489,10574
11,1061582,4,6,10574,893
11,1062475,6,4,893,542
11,1063123,1,6,106,20736
11,1103925,6,4,635,500
11,1104425,4,6,500,6144
11,1110569,6,3,6144,515
11,1111084,3,6,515,2509
11,1113593,6,1,2509,654
11,1114247,1,6,654,9848
11,1124095,6,4,9848,252
11,1124347,4,6,252,5737
11,1130084,6,1,5737,454
11,1130538,1,6,454,1033
11,1131571,6,1,1033,212
11,1131783,1,6,212,3512
11,1135295,6,1,3512,740
11,1136035,1,6,740,203
11,1136238,6,1,203,34
11,1136272,1,6,34,1675
11,1137947,6,1,1675,456
11,1138403,1,6,456,594
11,1138997,6,1,594,1049
11,1140046,1,6,1049,70
11,1140116,6,1,70,1559
11,1141675,1,6,1559,41
11,1141716,6,1,41,156
11,1141872,1,6,156,39057
