rule_id,moment,user,DL_FR,DL_LU,DL_XP,DR_FR,DR_LU,DR_XP,UL_FR,UL_LU,UL_XP,UR_FR,UR_LU,UR_XP,num_zeros,num_ones
0,0,P01,1,0,0,1,0,0,0,0,0,1,0,0,9,3
0,442500,P01,0,1,0,1,0,0,0,0,0,1,0,0,9,3
1,440000,P01,1,0,0,1,0,0,0,0,0,1,0,0,9,3
2,480000,P01,1,0,0,0,0,0,0,1,0,0,1,0,9,3
2,617500,P01,1,0,0,1,1,0,0,0,0,0,0,0,9,3
2,950000,P01,1,0,0,0,1,0,0,1,0,0,0,0,9,3
2,1002500,P01,0,0,0,0,0,0,0,1,1,0,1,0,9,3
3,510000,P01,1,0,0,0,0,0,0,1,0,0,1,0,9,3
3,737500,P01,1,0,0,0,0,0,0,1,0,0,1,0,9,3
4,5000,P01,0,0,0,1,0,0,1,0,0,1,0,0,9,3
4,677500,P01,1,1,1,0,0,0,0,0,0,0,0,0,9,3
5,2500,P01,0,0,0,1,0,0,1,0,0,1,0,0,9,3
5,675000,P01,1,1,1,0,0,0,0,0,0,0,0,0,9,3
8,50000,P01,0,0,0,0,0,0,1,0,0,1,0,1,9,3
8,87500,P01,0,0,0,0,0,0,1,0,0,1,0,1,9,3
8,275000,P01,0,0,0,0,0,0,1,0,0,1,0,1,9,3
8,385000,P01,0,0,0,1,0,0,1,0,0,1,0,0,9,3
9,67500,P01,0,0,0,0,0,0,1,0,0,1,0,1,9,3
9,380000,P01,0,0,0,1,0,0,1,0,0,0,0,1,9,3
2,12500,P02,0,1,1,0,1,0,0,0,0,0,0,0,9,3
2,45000,P02,0,1,0,1,1,0,0,0,0,0,0,0,9,3
2,220000,P02,0,0,0,0,0,0,0,1,0,0,1,1,9,3
2,412500,P02,0,0,0,0,1,0,0,1,0,0,1,0,9,3
2,520000,P02,0,1,1,0,1,0,0,1,0,0,1,0,7,5
2,542500,P02,0,1,0,0,1,0,0,1,0,1,1,1,6,6
2,550000,P02,0,0,0,0,1,0,0,1,0,0,1,0,9,3
2,645000,P02,0,1,0,0,1,0,0,1,0,0,1,1,7,5
2,660000,P02,0,0,0,0,1,0,1,0,1,0,0,0,9,3
2,682500,P02,0,0,0,0,1,0,0,1,0,0,1,0,9,3
2,697500,P02,0,0,1,0,0,1,0,1,1,0,0,0,8,4
2,707500,P02,0,0,0,1,0,0,1,0,0,1,0,1,8,4
2,740000,P02,0,1,0,0,0,0,0,1,0,0,1,0,9,3
2,797500,P02,0,0,0,0,0,0,0,1,0,0,1,1,9,3
2,837500,P02,0,0,0,0,1,0,0,1,0,0,0,1,9,3
2,935000,P02,0,0,1,0,0,1,0,0,0,0,0,1,9,3
2,937500,P02,0,0,0,0,0,0,0,1,0,1,1,0,9,3
2,1015000,P02,0,1,1,0,1,1,0,0,0,0,0,0,8,4
2,1030000,P02,1,0,0,1,0,1,1,0,0,1,0,0,7,5
2,1042500,P02,0,0,1,0,0,1,0,0,0,0,0,1,9,3
2,1070000,P02,0,1,0,0,1,0,1,0,0,0,1,0,8,4
3,17500,P02,0,1,0,0,1,1,0,0,0,0,0,0,9,3
3,47500,P02,0,1,0,1,1,0,0,1,0,0,1,1,6,6
3,85000,P02,0,1,0,0,0,1,0,0,0,0,0,1,9,3
3,152500,P02,0,0,0,0,0,0,1,0,0,1,1,0,9,3
3,160000,P02,0,1,0,0,1,1,0,0,0,0,0,0,9,3
3,205000,P02,0,0,0,0,0,0,0,1,0,0,1,1,9,3
3,235000,P02,0,1,0,0,1,0,0,0,0,0,0,1,9,3
3,337500,P02,0,1,0,0,0,1,0,0,1,0,0,1,8,4
3,505000,P02,0,0,0,0,0,0,1,0,1,1,0,0,9,3
3,517500,P02,0,0,0,0,1,0,1,1,0,1,1,0,7,5
3,540000,P02,0,1,0,0,1,0,0,1,0,0,1,0,8,4
3,547500,P02,0,0,0,0,1,0,0,1,0,0,1,0,9,3
3,627500,P02,0,0,0,0,1,0,0,1,0,0,1,0,9,3
3,642500,P02,0,1,0,0,1,0,0,1,0,0,1,0,8,4
3,652500,P02,0,1,0,0,0,0,1,0,0,1,0,0,9,3
3,675000,P02,0,0,0,0,0,0,0,1,1,0,1,0,9,3
3,687500,P02,0,0,1,0,0,0,0,1,0,0,1,0,9,3
3,742500,P02,0,1,0,0,1,0,0,1,0,0,0,0,9,3
3,895000,P02,1,0,0,1,0,0,0,1,0,0,1,0,8,4
3,935000,P02,0,0,0,0,0,0,0,1,0,1,1,0,9,3
3,997500,P02,0,0,0,0,1,0,0,1,0,0,1,0,9,3
3,1005000,P02,0,0,1,0,0,1,0,0,1,0,0,0,9,3
3,1107500,P02,0,1,0,0,1,0,0,0,0,0,0,1,9,3
8,175000,P02,0,0,1,0,0,0,0,0,1,0,0,1,9,3
8,192500,P02,0,0,0,0,0,0,1,0,1,1,0,0,9,3
8,297500,P02,0,0,0,0,0,0,1,0,1,1,0,0,9,3
8,325000,P02,0,0,0,0,0,0,1,0,0,0,1,1,9,3
8,447500,P02,0,0,0,0,0,0,1,1,0,1,1,0,8,4
8,570000,P02,0,0,0,0,0,0,1,0,1,1,0,0,9,3
8,772500,P02,0,0,0,0,0,0,1,0,0,1,1,0,9,3
9,70000,P02,0,0,0,0,0,0,1,0,1,1,0,0,9,3
9,302500,P02,0,0,0,0,0,0,1,0,1,0,1,0,9,3
9,715000,P02,0,0,0,0,0,0,1,0,1,0,0,1,9,3
9,887500,P02,0,0,1,0,0,0,1,0,0,1,0,0,9,3
9,950000,P02,0,0,1,0,0,0,1,0,0,1,0,0,9,3
3,265000,P03,0,1,0,0,0,0,0,1,0,0,1,0,9,3
4,70000,P03,1,0,0,1,0,0,1,1,1,1,0,1,5,7
4,77500,P03,0,0,0,1,0,1,0,0,1,0,0,1,8,4
4,82500,P03,1,0,0,1,0,0,1,0,0,0,0,1,8,4
4,87500,P03,1,0,1,1,0,0,0,0,1,0,0,1,7,5
5,67500,P03,1,0,0,1,0,1,1,1,1,1,0,1,4,8
5,75000,P03,0,0,0,1,0,1,1,0,1,1,0,1,6,6
5,80000,P03,1,0,0,1,0,0,0,0,0,0,0,1,9,3
5,85000,P03,1,0,1,1,0,0,0,0,1,0,0,1,7,5
8,1135000,P03,0,0,1,0,0,0,1,0,0,1,0,0,9,3
4,2500,P04,0,1,0,1,0,0,1,0,0,0,0,1,8,4
4,142500,P04,0,0,0,1,0,0,0,1,0,0,1,0,9,3
4,160000,P04,0,0,0,0,1,0,1,0,1,0,0,0,9,3
4,207500,P04,1,0,0,1,0,0,1,0,1,0,0,0,8,4
4,472500,P04,1,0,0,1,0,0,1,0,0,0,0,0,9,3
4,682500,P04,0,0,0,0,0,0,0,1,1,0,1,0,9,3
5,135000,P04,0,0,0,1,1,0,0,1,0,0,0,1,8,4
5,202500,P04,1,0,0,0,0,0,1,0,1,0,0,0,9,3
5,467500,P04,1,0,0,1,0,0,1,0,0,0,0,0,9,3
5,680000,P04,0,0,0,0,1,0,0,1,1,0,1,1,7,5
9,412500,P04,0,0,0,0,0,0,1,0,0,1,0,1,9,3
9,600000,P04,0,0,0,0,0,1,1,0,1,0,0,0,9,3
0,765000,P05,1,0,0,1,0,0,0,0,0,1,0,0,9,3
1,760000,P05,1,0,0,1,0,0,0,0,0,1,0,0,9,3
3,715000,P05,1,1,0,0,1,0,0,0,0,0,0,0,9,3
4,2500,P05,0,0,0,0,0,1,1,0,1,1,1,0,7,5
4,5000,P05,1,1,0,0,1,0,0,1,0,0,0,0,8,4
4,725000,P05,0,1,0,0,1,1,0,0,0,0,1,1,7,5
4,752500,P05,1,1,0,0,0,0,0,0,0,0,0,1,9,3
4,765000,P05,0,0,0,0,0,0,0,1,0,0,1,1,9,3
4,1002500,P05,0,0,0,0,0,0,0,1,0,0,1,1,9,3
4,1095000,P05,0,0,1,0,0,0,0,1,0,0,0,1,9,3
5,237500,P05,0,0,0,0,0,0,0,1,0,0,1,1,9,3
5,577500,P05,0,0,0,0,0,0,0,1,0,0,1,1,9,3
5,722500,P05,0,0,0,1,1,1,0,0,0,0,1,1,7,5
5,750000,P05,1,1,0,1,0,0,0,0,0,0,1,1,7,5
5,977500,P05,0,0,0,0,0,0,0,1,0,1,1,0,9,3
5,1085000,P05,0,0,1,0,0,0,0,1,0,0,0,1,9,3
6,295000,P05,1,1,1,1,0,0,1,0,0,1,0,0,6,6
6,725000,P05,0,0,1,0,0,0,0,1,1,0,0,0,9,3
6,752500,P05,0,0,0,0,1,0,0,1,0,1,0,0,9,3
6,885000,P05,0,0,0,0,0,0,0,0,1,0,1,1,9,3
7,35000,P05,0,1,0,0,1,0,0,0,1,0,0,0,9,3
7,290000,P05,0,1,0,0,1,0,1,0,0,1,0,1,7,5
7,715000,P05,0,0,1,0,0,0,0,1,0,0,1,0,9,3
7,750000,P05,0,0,0,0,1,0,0,1,0,1,0,0,9,3
8,65000,P05,0,0,1,0,0,0,0,0,1,0,0,1,9,3
8,75000,P05,0,0,0,0,1,0,1,1,0,0,1,0,8,4
8,130000,P05,0,1,1,0,1,0,0,0,0,0,0,0,9,3
8,217500,P05,0,1,0,0,0,0,1,0,1,1,0,0,8,4
8,340000,P05,0,1,0,0,0,0,0,0,1,1,0,0,9,3
8,372500,P05,0,0,1,0,0,0,0,0,1,1,0,0,9,3
8,420000,P05,0,0,0,0,0,0,1,0,1,1,0,0,9,3
8,457500,P05,0,1,1,0,0,0,0,0,0,1,0,0,9,3
8,592500,P05,0,1,0,0,0,0,1,0,1,1,0,0,8,4
8,677500,P05,1,0,1,0,0,0,1,0,0,0,0,1,8,4
8,705000,P05,0,0,0,0,0,0,1,0,1,1,0,0,9,3
8,797500,P05,0,0,0,0,0,0,1,0,0,1,0,1,9,3
9,62500,P05,0,0,1,0,0,0,0,0,0,1,0,1,9,3
9,187500,P05,0,0,0,0,0,0,1,0,1,1,0,0,9,3
9,455000,P05,0,1,1,0,0,0,1,0,1,1,0,0,7,5
9,570000,P05,0,0,0,0,0,0,1,0,1,1,0,0,9,3
9,675000,P05,1,0,1,0,0,0,1,0,0,0,0,1,8,4
9,895000,P05,0,0,0,0,0,0,1,0,1,0,0,1,9,3
0,642500,P06,0,0,0,1,0,0,1,0,0,1,0,0,9,3
1,1055000,P06,1,0,0,1,0,1,0,0,0,0,0,0,9,3
2,185000,P06,0,0,0,1,0,1,0,0,0,0,0,1,9,3
2,222500,P06,0,0,0,0,0,1,0,1,0,0,1,1,8,4
2,250000,P06,0,0,1,0,0,0,0,0,1,1,0,0,9,3
2,325000,P06,0,0,0,1,0,0,1,0,0,1,0,0,9,3
2,417500,P06,1,0,0,0,0,0,0,1,0,1,0,0,9,3
2,432500,P06,1,0,0,0,0,0,1,0,1,0,0,1,8,4
2,455000,P06,1,0,1,0,0,0,1,0,0,1,0,0,8,4
2,512500,P06,0,0,0,0,0,0,1,0,0,1,0,1,9,3
2,552500,P06,1,0,0,0,0,0,1,0,0,0,0,1,9,3
2,555000,P06,0,0,0,1,0,0,0,1,0,0,1,0,9,3
2,597500,P06,1,0,0,1,0,0,0,0,0,1,0,0,9,3
2,607500,P06,0,0,0,1,0,0,0,1,1,0,0,0,9,3
2,717500,P06,0,0,1,0,0,0,0,1,0,0,1,0,9,3
2,1002500,P06,1,0,0,0,0,0,0,0,1,0,0,1,9,3
3,130000,P06,1,0,0,1,0,0,1,0,0,1,0,0,8,4
3,200000,P06,0,0,0,0,0,0,0,1,1,0,0,1,9,3
3,217500,P06,1,0,0,0,0,0,0,1,0,0,1,0,9,3
3,247500,P06,0,0,1,0,0,0,0,0,1,1,0,1,8,4
3,265000,P06,0,0,0,0,0,0,1,0,1,1,0,0,9,3
3,322500,P06,0,0,0,1,0,0,1,0,0,1,0,0,9,3
3,377500,P06,0,0,0,0,0,0,0,1,0,0,1,1,9,3
3,422500,P06,1,0,0,0,0,0,1,0,1,1,0,0,8,4
3,577500,P06,0,0,0,0,0,0,0,1,1,1,1,0,8,4
3,610000,P06,1,0,0,1,0,0,1,0,0,0,0,0,9,3
3,715000,P06,0,0,0,0,0,0,0,1,1,0,1,0,9,3
4,95000,P06,1,0,1,1,0,0,0,0,1,0,0,0,8,4
4,305000,P06,0,0,0,0,0,0,0,1,1,0,1,0,9,3
5,295000,P06,0,1,0,0,0,0,0,1,1,0,1,1,7,5
5,1057500,P06,0,0,1,0,0,0,0,0,1,1,0,0,9,3
8,0,P06,0,1,0,0,1,0,0,0,0,1,0,0,9,3
8,90000,P06,0,1,1,0,0,0,1,0,0,1,0,0,8,4
8,172500,P06,0,0,0,0,0,0,1,1,0,1,0,0,9,3
9,87500,P06,0,0,1,0,0,0,1,0,0,1,0,0,9,3
3,262500,P07,1,0,0,1,0,1,0,0,0,0,0,0,9,3
4,175000,P07,0,1,0,0,1,0,0,0,1,0,0,0,9,3
4,197500,P07,0,0,1,0,0,0,1,0,1,0,0,1,8,4
4,220000,P07,1,1,0,1,0,0,0,0,0,0,0,0,9,3
4,427500,P07,0,1,0,0,0,0,0,0,1,0,0,1,9,3
5,170000,P07,0,1,1,0,0,0,1,0,0,0,0,1,8,4
5,195000,P07,0,0,1,0,0,0,1,0,1,0,0,1,8,4
5,425000,P07,0,1,0,0,0,0,0,0,1,0,0,1,9,3
8,132500,P07,0,1,1,0,1,0,0,0,0,0,0,0,9,3
8,207500,P07,0,1,1,0,0,1,0,0,0,0,0,0,9,3
8,247500,P07,0,0,1,0,1,1,0,0,0,0,0,0,9,3
9,242500,P07,0,1,0,0,0,1,1,0,0,0,0,0,9,3
9,315000,P07,0,1,1,0,1,0,0,0,0,0,0,0,9,3
2,65000,P08,1,1,0,0,1,1,0,0,0,0,0,0,8,4
2,90000,P08,1,1,0,0,1,0,0,0,0,0,0,0,9,3
2,1072500,P08,0,0,0,0,1,0,1,0,0,0,0,1,9,3
2,1185000,P08,0,0,0,1,0,0,1,0,0,0,0,1,9,3
3,65000,P08,0,0,0,0,0,0,1,0,1,0,0,1,9,3
3,92500,P08,0,1,0,0,1,1,0,0,0,0,0,0,9,3
3,162500,P08,1,0,0,1,1,0,0,0,0,0,0,0,9,3
3,347500,P08,1,0,0,1,0,0,0,0,0,1,0,0,9,3
3,785000,P08,0,0,0,0,0,0,1,1,0,0,1,0,9,3
3,1172500,P08,0,0,0,1,0,0,1,1,0,1,0,1,7,5
3,1357500,P08,1,0,0,0,1,0,1,0,0,0,0,0,9,3
8,547500,P08,0,0,1,0,0,0,0,0,1,0,1,0,9,3
8,600000,P08,0,0,0,0,1,0,0,1,0,1,1,0,8,4
8,725000,P08,0,0,1,1,1,0,0,0,1,1,0,0,7,5
8,867500,P08,0,0,1,0,0,0,1,0,0,1,0,0,9,3
8,1050000,P08,0,0,1,0,0,0,1,0,1,0,0,0,9,3
9,560000,P08,0,0,0,0,1,0,0,1,0,0,1,0,9,3
9,1037500,P08,0,0,1,0,0,0,1,0,1,0,0,0,9,3
9,1255000,P08,0,0,0,0,0,0,1,0,1,0,0,1,9,3
0,180000,P09,1,0,0,1,0,0,1,0,0,0,0,0,9,3
2,337500,P09,1,0,0,0,1,0,0,0,0,0,0,1,9,3
3,402500,P09,1,0,0,1,1,0,0,0,0,0,0,0,9,3
3,515000,P09,1,0,0,0,0,0,0,1,0,0,1,0,9,3
4,180000,P09,0,0,1,0,0,0,0,1,0,1,1,0,8,4
4,467500,P09,0,1,0,0,0,0,0,1,0,0,1,0,9,3
5,462500,P09,0,0,0,0,0,0,1,1,0,0,1,0,9,3
6,215000,P09,1,0,0,1,0,0,0,0,1,0,0,0,9,3
8,12500,P09,1,0,0,1,0,0,0,0,1,0,0,1,8,4
8,45000,P09,0,0,1,0,0,0,1,0,1,1,0,1,7,5
8,150000,P09,0,0,0,0,0,0,1,0,1,1,0,0,9,3
8,227500,P09,0,0,1,0,0,0,1,0,1,1,0,0,8,4
8,400000,P09,0,0,1,0,0,1,1,0,0,0,0,0,9,3
8,545000,P09,0,0,1,1,0,1,0,0,0,1,0,0,8,4
8,582500,P09,0,0,1,0,0,0,0,0,1,1,0,0,9,3
8,597500,P09,0,0,0,0,0,0,1,0,1,0,0,1,9,3
8,607500,P09,0,0,1,0,0,1,1,0,1,0,0,0,8,4
8,635000,P09,1,0,0,0,0,0,0,0,1,0,0,1,9,3
8,810000,P09,0,0,0,0,0,0,1,0,1,0,0,1,9,3
8,1227500,P09,1,0,0,1,0,1,0,0,0,0,0,0,9,3
9,42500,P09,0,0,1,0,0,0,1,0,1,0,0,1,8,4
9,282500,P09,0,0,0,0,0,0,1,0,1,1,0,0,9,3
9,475000,P09,0,0,1,0,0,0,0,0,1,0,0,1,9,3
9,550000,P09,0,0,0,1,0,0,1,0,1,1,0,0,8,4
9,585000,P09,0,0,1,0,0,1,0,0,0,1,0,0,9,3
9,757500,P09,0,0,0,0,0,0,1,0,1,1,0,0,9,3
2,97500,P10,0,1,0,0,1,1,0,0,0,0,0,0,9,3
2,132500,P10,0,1,0,0,1,1,0,0,0,0,0,0,9,3
2,147500,P10,0,1,1,0,1,0,0,0,0,0,0,0,9,3
2,170000,P10,0,1,1,0,1,0,0,0,0,0,0,0,9,3
2,370000,P10,1,0,0,1,0,0,0,0,0,0,0,1,9,3
2,477500,P10,1,1,1,0,1,1,0,0,0,0,0,0,7,5
2,482500,P10,0,0,1,0,0,1,0,0,0,0,0,1,9,3
2,585000,P10,1,0,0,1,0,0,0,0,0,0,0,1,9,3
2,640000,P10,1,1,0,0,0,0,0,0,0,0,0,1,9,3
2,740000,P10,0,0,1,0,0,1,0,0,0,0,0,1,9,3
2,785000,P10,1,0,1,0,0,0,0,0,0,0,0,1,9,3
2,795000,P10,1,0,0,1,1,1,0,0,0,0,0,0,8,4
2,887500,P10,0,0,1,0,0,1,0,0,0,0,0,1,9,3
2,895000,P10,1,1,0,0,1,0,0,0,0,0,0,0,9,3
2,975000,P10,0,1,0,1,1,0,0,0,0,0,0,0,9,3
2,1062500,P10,1,0,0,1,1,1,0,0,0,0,0,0,8,4
3,45000,P10,0,1,1,0,1,0,0,0,0,0,0,0,9,3
3,67500,P10,0,1,0,0,1,0,0,0,0,0,0,1,9,3
3,125000,P10,0,1,0,1,1,0,0,0,0,0,0,0,9,3
3,145000,P10,0,1,1,0,1,0,0,0,0,0,0,1,8,4
3,230000,P10,0,1,1,0,1,0,0,0,0,0,0,0,9,3
3,390000,P10,1,0,0,1,1,0,0,0,0,0,0,0,9,3
3,470000,P10,1,0,0,0,0,1,0,0,0,0,0,1,9,3
3,537500,P10,1,0,1,1,0,0,0,0,0,0,0,0,9,3
3,595000,P10,0,1,0,0,1,1,0,0,0,0,0,0,9,3
3,617500,P10,0,1,0,1,1,0,0,0,0,0,0,0,9,3
3,635000,P10,0,0,0,0,1,1,0,0,0,0,0,1,9,3
3,792500,P10,1,0,1,1,0,1,0,0,0,0,0,0,8,4
3,822500,P10,1,1,1,1,0,0,0,0,0,0,0,1,7,5
3,892500,P10,1,1,0,1,1,0,0,0,0,0,0,0,8,4
3,927500,P10,1,0,0,1,1,0,0,0,0,0,0,0,9,3
3,970000,P10,1,1,0,0,0,1,0,0,0,0,0,0,9,3
3,995000,P10,0,0,0,1,1,1,0,0,0,0,0,0,9,3
3,1002500,P10,1,0,0,1,1,0,0,0,0,0,0,0,9,3
4,215000,P10,0,0,0,0,0,0,1,0,1,1,0,0,9,3
4,277500,P10,0,0,0,0,0,0,0,0,0,1,1,1,9,3
4,297500,P10,0,0,0,1,0,0,0,0,0,1,1,0,9,3
4,322500,P10,1,0,0,0,0,0,1,0,0,0,1,1,8,4
4,337500,P10,0,0,0,1,0,0,1,0,0,1,1,0,8,4
4,365000,P10,0,0,0,0,0,0,1,0,1,1,1,0,8,4
4,420000,P10,1,0,0,1,0,0,0,0,1,0,0,1,8,4
4,560000,P10,0,0,0,0,1,0,1,0,0,1,0,0,9,3
5,20000,P10,0,0,1,0,0,0,1,0,1,0,0,0,9,3
5,232500,P10,0,0,0,0,0,0,1,0,1,1,0,0,9,3
5,257500,P10,0,0,0,1,0,0,1,0,1,1,1,1,6,6
5,302500,P10,0,0,0,1,0,0,0,0,1,1,0,0,9,3
5,320000,P10,1,0,0,1,0,0,0,0,1,0,1,0,8,4
5,327500,P10,0,0,0,0,0,0,1,0,0,1,0,1,9,3
5,332500,P10,0,0,0,1,0,0,0,0,1,0,1,0,9,3
5,360000,P10,0,0,0,0,0,0,1,0,1,1,0,0,9,3
5,1030000,P10,0,0,0,0,0,0,1,0,1,1,0,1,8,4
5,1122500,P10,0,0,0,0,0,1,0,1,1,1,0,1,7,5
6,200000,P10,1,0,0,1,1,0,0,0,0,0,0,0,9,3
8,1040000,P10,0,0,0,0,0,1,0,0,1,0,0,1,9,3
9,647500,P10,0,0,1,0,0,0,0,0,1,1,0,0,9,3
9,1050000,P10,0,0,1,0,0,0,0,0,1,1,0,0,9,3
