rule_id,moment,user,DL_FR,DL_LU,DL_XP,DR_FR,DR_LU,DR_XP,UL_FR,UL_LU,UL_XP,UR_FR,UR_LU,UR_XP
0,65000,P01,0,0,0,0,1,0,0,0,0,0,0,0
0,107500,P01,0,0,0,0,0,0,0,0,1,0,0,0
0,180000,P01,0,0,0,0,0,0,0,0,0,1,0,0
0,192500,P01,1,0,0,0,0,0,0,0,0,0,0,0
0,195000,P01,0,0,0,1,0,0,0,0,0,0,0,0
0,207500,P01,0,0,0,1,0,0,0,0,0,0,0,0
0,210000,P01,1,0,0,0,0,0,0,0,0,0,0,0
0,217500,P01,1,0,0,0,0,0,0,0,0,0,0,0
0,227500,P01,1,0,0,0,0,0,0,0,0,0,0,0
0,262500,P01,0,0,0,0,0,1,0,0,0,0,0,0
0,362500,P01,0,0,0,0,1,0,0,0,0,0,0,0
0,367500,P01,1,0,0,0,0,0,0,0,0,0,0,0
0,387500,P01,0,0,0,1,0,0,0,0,0,0,0,0
0,430000,P01,1,0,0,0,0,0,0,0,0,0,0,0
0,440000,P01,1,1,0,0,0,0,0,0,0,0,0,0
0,465000,P01,0,0,0,0,0,0,0,0,0,0,1,0
0,470000,P01,1,0,0,0,0,0,0,0,0,0,0,0
0,480000,P01,0,0,0,0,0,0,0,0,0,0,1,0
0,487500,P01,1,0,0,0,0,0,0,0,0,0,0,0
0,502500,P01,1,0,0,0,0,0,0,0,0,0,1,0
0,527500,P01,1,0,0,0,0,0,0,0,0,0,0,0
0,552500,P01,0,0,0,1,0,0,0,0,0,0,0,0
0,575000,P01,0,0,0,0,0,0,0,1,0,0,1,0
0,577500,P01,0,1,0,0,0,0,0,0,0,0,0,0
0,580000,P01,1,0,1,0,0,0,0,0,0,0,0,0
0,582500,P01,0,0,0,0,0,1,0,0,0,0,0,0
0,610000,P01,1,0,0,0,0,0,0,0,0,0,0,0
0,612500,P01,0,0,0,0,0,0,0,1,0,0,0,0
0,640000,P01,0,1,0,0,1,0,0,0,0,0,1,0
0,665000,P01,1,0,0,0,0,0,0,0,0,0,0,0
0,712500,P01,0,0,0,0,1,0,0,0,0,0,0,0
0,717500,P01,1,0,0,0,0,0,0,0,0,0,0,0
0,742500,P01,1,0,0,0,0,0,0,0,0,0,0,0
0,757500,P01,1,0,0,0,0,0,0,0,0,0,0,0
0,760000,P01,0,0,0,0,1,0,0,0,0,0,0,0
0,772500,P01,1,0,0,0,0,0,0,0,0,0,0,0
0,792500,P01,0,0,0,0,0,0,0,0,1,0,0,0
0,952500,P01,1,0,0,0,0,0,0,0,0,0,0,0
0,1022500,P01,1,0,0,0,0,0,0,0,0,0,0,0
1,75000,P01,0,0,0,0,1,0,0,0,0,0,0,0
1,165000,P01,0,0,0,1,0,0,0,0,0,0,0,0
1,212500,P01,1,0,0,0,0,0,0,0,0,0,0,0
1,217500,P01,0,0,0,0,0,0,0,0,0,0,1,0
1,222500,P01,0,0,0,1,0,0,0,0,0,0,0,0
1,265000,P01,0,0,0,1,0,0,0,0,0,0,0,0
1,402500,P01,1,0,0,0,0,0,0,0,0,0,0,0
1,435000,P01,1,0,0,0,0,0,0,0,0,0,0,0
1,442500,P01,0,1,0,0,1,0,0,0,0,0,0,0
1,447500,P01,1,0,0,0,0,0,0,0,0,0,0,0
1,470000,P01,0,0,0,0,0,0,0,0,0,0,1,0
1,477500,P01,1,0,0,0,0,0,0,0,0,0,0,0
1,510000,P01,1,0,0,0,0,0,0,0,0,0,1,0
1,525000,P01,1,0,0,0,0,0,0,0,0,0,0,0
1,575000,P01,1,0,0,0,0,0,0,0,0,0,0,0
1,577500,P01,0,0,0,0,0,0,0,0,0,0,1,0
1,580000,P01,0,0,0,0,0,1,0,0,0,0,0,0
1,595000,P01,0,0,0,1,0,0,0,0,0,0,0,0
1,597500,P01,0,0,0,0,0,1,0,0,0,0,0,0
1,612500,P01,1,0,0,0,0,0,0,0,0,0,0,0
1,615000,P01,0,0,0,1,0,0,0,0,0,0,0,0
1,617500,P01,0,0,0,0,0,0,0,0,1,0,0,0
1,642500,P01,0,0,0,0,0,0,0,0,0,0,1,0
1,647500,P01,0,0,0,1,0,0,0,0,0,0,0,0
1,662500,P01,1,0,0,0,0,0,0,0,0,0,0,0
1,710000,P01,0,0,0,1,0,0,0,0,0,0,0,0
1,720000,P01,1,0,0,0,0,0,0,0,0,0,0,0
1,735000,P01,1,0,0,0,0,0,0,0,0,0,0,0
1,737500,P01,0,0,0,0,0,0,0,1,0,0,0,0
1,750000,P01,1,0,0,0,0,0,0,0,0,0,0,0
1,767500,P01,1,0,0,0,0,0,0,0,0,0,0,0
1,800000,P01,0,0,0,0,0,0,0,0,0,0,1,0
1,872500,P01,0,0,0,0,0,0,0,0,0,1,0,0
1,962500,P01,0,0,0,0,0,0,0,0,1,0,0,0
1,1102500,P01,0,0,0,0,0,0,0,0,1,0,0,0
2,305000,P01,1,0,0,0,0,0,0,0,0,0,0,0
2,555000,P01,0,1,0,0,0,0,0,0,0,0,0,0
2,707500,P01,0,0,1,0,0,0,0,0,0,0,0,0
2,715000,P01,0,0,1,0,0,0,0,0,0,0,0,0
2,725000,P01,0,0,1,0,0,0,0,0,0,0,0,0
2,832500,P01,0,0,0,0,0,0,0,0,0,0,1,0
3,2500,P01,1,0,0,1,0,0,0,0,0,0,0,0
3,167500,P01,1,0,0,0,0,0,0,0,0,0,0,0
3,220000,P01,1,0,0,0,0,0,0,0,0,0,0,0
3,302500,P01,1,0,0,0,0,0,0,0,0,0,0,0
3,312500,P01,0,0,0,1,0,0,0,0,0,0,0,0
3,455000,P01,0,0,0,1,0,0,0,0,0,0,0,0
3,582500,P01,0,1,0,0,0,0,0,0,0,0,0,0
3,645000,P01,0,1,0,0,0,0,0,0,0,0,0,0
3,675000,P01,1,0,0,0,0,0,0,0,0,0,0,0
3,712500,P01,0,0,1,0,0,0,0,0,0,0,0,0
3,730000,P01,0,0,1,0,0,0,0,0,0,0,0,0
3,1130000,P01,1,0,0,0,0,0,0,0,0,0,0,0
4,12500,P01,0,1,0,0,1,0,0,0,0,0,0,0
4,72500,P01,0,1,0,0,0,0,0,0,0,0,0,0
4,725000,P01,1,0,0,0,0,0,0,0,0,0,0,0
4,950000,P01,0,1,0,0,0,0,0,0,0,0,0,0
5,15000,P01,0,1,0,0,1,0,0,0,0,0,0,0
5,75000,P01,0,1,0,0,0,0,0,0,0,0,0,0
5,230000,P01,1,0,0,0,0,0,0,0,0,0,0,0
5,242500,P01,0,0,0,0,0,0,0,0,0,0,1,0
5,280000,P01,0,0,0,1,0,0,0,0,0,0,0,0
5,440000,P01,0,0,0,0,0,0,1,0,0,0,0,0
5,507500,P01,0,0,0,1,0,0,0,0,0,0,0,0
5,577500,P01,0,0,0,0,0,0,0,1,0,0,0,0
5,660000,P01,0,1,0,0,0,0,0,0,0,0,0,0
5,675000,P01,0,0,0,0,0,0,0,0,0,0,1,0
5,712500,P01,1,0,0,0,0,0,0,0,0,0,0,0
5,727500,P01,1,0,0,0,0,0,0,0,0,0,0,0
5,812500,P01,0,0,0,1,0,0,0,0,0,0,0,0
5,955000,P01,0,1,0,0,0,0,0,0,0,0,0,0
6,17500,P01,1,0,0,0,0,0,0,0,0,0,0,0
6,72500,P01,1,0,0,0,0,0,0,0,0,0,0,0
6,162500,P01,1,0,0,0,0,0,0,0,0,0,0,0
6,260000,P01,1,0,0,1,0,0,0,0,0,0,0,0
6,265000,P01,0,0,0,0,0,0,1,0,0,0,0,0
6,275000,P01,0,0,0,1,0,0,0,0,0,0,0,0
6,287500,P01,1,0,0,0,0,0,0,0,0,0,0,0
6,315000,P01,0,0,0,0,0,0,1,0,0,0,0,0
6,390000,P01,1,0,0,0,0,0,0,0,0,0,0,0
6,395000,P01,0,0,0,1,0,0,0,0,0,0,0,0
6,437500,P01,0,0,0,0,0,0,1,0,0,0,0,0
6,492500,P01,0,0,0,0,0,0,0,0,0,1,0,0
6,550000,P01,0,0,1,0,0,0,0,0,0,0,0,0
6,595000,P01,0,0,0,0,0,0,1,0,0,0,0,0
6,735000,P01,0,0,0,0,0,0,0,0,0,1,0,0
6,832500,P01,0,0,0,0,0,0,1,0,0,0,0,0
6,870000,P01,0,0,0,0,0,0,0,0,0,1,0,0
6,977500,P01,1,0,0,0,0,0,0,0,0,0,0,0
6,1005000,P01,0,0,0,0,0,0,0,0,0,1,0,0
6,1175000,P01,0,0,0,0,0,0,0,0,0,1,0,0
7,0,P01,0,0,0,0,0,0,0,0,0,1,0,0
7,15000,P01,1,0,0,0,0,0,0,0,0,0,0,0
7,57500,P01,0,1,0,0,0,0,0,0,0,0,0,0
7,157500,P01,1,0,0,0,0,0,0,0,0,0,0,0
7,267500,P01,0,0,0,0,0,0,1,0,0,0,0,0
7,372500,P01,1,0,0,0,0,0,0,0,0,0,0,0
7,390000,P01,0,0,0,1,0,0,0,0,0,0,0,0
7,555000,P01,0,0,1,0,0,0,0,0,0,0,0,0
7,580000,P01,0,0,0,0,1,0,0,0,0,0,0,0
7,595000,P01,0,0,1,0,0,0,0,0,0,0,0,0
7,597500,P01,0,0,0,0,0,0,1,0,0,0,0,0
7,617500,P01,0,0,0,0,0,0,0,0,0,0,0,1
7,820000,P01,0,0,0,0,0,0,0,0,0,1,0,0
7,957500,P01,1,0,0,0,0,0,0,0,0,0,0,0
7,1007500,P01,0,0,0,0,0,0,0,0,0,1,0,0
0,7500,P02,1,0,0,0,0,0,0,0,0,0,0,0
0,10000,P02,0,0,0,1,0,0,0,0,0,0,0,0
0,22500,P02,1,0,0,0,0,0,0,0,0,0,0,0
0,37500,P02,1,0,0,0,0,1,0,0,0,0,0,0
0,50000,P02,1,0,0,0,0,0,0,0,0,0,0,0
0,60000,P02,1,0,0,0,0,0,0,0,0,0,0,0
0,105000,P02,1,0,0,1,0,0,0,0,0,0,0,0
0,110000,P02,1,0,0,0,0,0,0,0,0,0,0,0
0,150000,P02,1,0,0,1,0,0,0,0,0,0,0,0
0,182500,P02,0,0,0,0,0,1,0,0,0,0,0,0
0,192500,P02,0,0,0,1,0,0,0,0,0,0,0,0
0,217500,P02,1,0,0,0,0,0,0,0,0,0,0,0
0,220000,P02,0,0,0,0,0,1,0,0,0,0,0,0
0,222500,P02,1,0,0,0,0,0,0,0,0,0,0,0
0,242500,P02,1,0,0,0,0,0,0,0,0,0,0,0
0,262500,P02,1,0,0,0,0,0,0,0,0,0,0,0
0,267500,P02,1,0,0,0,0,0,0,0,0,0,0,0
0,282500,P02,1,0,0,1,0,0,0,0,0,0,0,0
0,325000,P02,1,0,0,1,1,0,0,0,0,0,0,0
0,335000,P02,0,0,0,1,0,0,0,0,0,0,0,0
0,337500,P02,1,0,0,0,0,0,0,0,0,0,0,0
0,355000,P02,1,0,0,0,0,0,0,0,0,0,0,0
0,372500,P02,1,0,0,1,0,0,0,0,0,0,0,0
0,380000,P02,1,0,0,0,0,0,0,0,0,0,0,0
0,392500,P02,1,0,0,0,0,0,0,0,0,0,0,0
0,422500,P02,1,0,0,0,0,0,0,0,0,0,0,0
0,425000,P02,0,0,0,1,0,0,0,0,0,0,0,0
0,447500,P02,1,0,0,0,0,0,0,0,0,0,0,0
0,477500,P02,1,0,0,1,0,0,0,0,0,0,0,0
0,505000,P02,1,0,0,1,0,0,0,0,0,0,0,0
0,515000,P02,0,0,0,1,0,0,0,0,0,0,0,0
0,517500,P02,1,0,0,0,0,0,0,0,0,0,0,0
0,535000,P02,1,0,0,0,0,0,0,0,0,0,0,0
0,550000,P02,1,0,0,1,0,0,0,0,0,0,0,0
0,585000,P02,1,0,0,1,0,0,0,0,0,0,0,0
0,600000,P02,1,0,0,0,0,0,0,0,0,0,0,0
0,610000,P02,1,0,0,0,0,0,0,0,0,0,0,0
0,620000,P02,1,0,0,0,0,0,0,0,0,0,0,0
0,640000,P02,1,0,0,0,0,0,0,0,0,0,0,0
0,645000,P02,1,0,0,1,0,0,0,0,0,0,0,0
0,675000,P02,0,0,0,0,0,1,0,0,0,0,0,0
0,685000,P02,0,1,0,0,0,0,0,0,0,0,0,0
0,717500,P02,0,0,0,1,0,0,0,0,0,0,0,0
0,722500,P02,1,0,0,0,0,0,0,0,0,0,0,0
0,742500,P02,0,0,0,0,0,1,1,0,0,0,0,0
0,752500,P02,0,0,0,0,0,1,0,0,0,0,0,0
0,755000,P02,1,0,0,0,0,0,0,0,0,0,0,0
0,765000,P02,0,0,0,0,0,1,0,0,0,0,0,0
0,792500,P02,1,0,0,1,0,0,0,0,0,0,0,0
0,802500,P02,0,0,0,1,0,0,0,0,0,0,0,0
0,820000,P02,0,0,0,1,0,0,0,0,0,0,0,0
0,825000,P02,1,0,0,0,0,0,0,0,0,0,0,0
0,835000,P02,0,0,0,1,0,0,0,0,0,0,0,0
0,847500,P02,1,0,0,0,0,0,0,0,0,0,0,0
0,862500,P02,1,0,0,0,0,0,0,0,0,0,0,0
0,897500,P02,1,0,0,1,0,0,0,0,0,0,0,0
0,932500,P02,1,0,0,0,0,0,0,0,0,0,0,0
0,1005000,P02,1,0,0,0,0,0,0,0,0,0,0,0
0,1015000,P02,1,0,0,1,0,1,0,0,0,0,0,0
0,1022500,P02,1,0,0,0,0,0,0,0,0,0,0,0
0,1030000,P02,1,0,0,0,0,0,0,0,0,0,0,0
0,1040000,P02,1,0,0,0,0,0,0,0,0,0,0,0
0,1055000,P02,1,0,0,0,0,0,0,0,0,0,0,0
0,1070000,P02,1,0,0,0,0,0,0,0,0,0,0,0
0,1072500,P02,0,0,0,1,0,0,0,0,0,0,0,0
0,1107500,P02,1,0,0,0,0,0,0,0,0,0,0,0
0,1115000,P02,1,0,0,0,0,0,0,0,0,0,0,0
1,15000,P02,0,0,0,1,0,0,0,0,0,0,0,0
1,17500,P02,1,0,0,0,0,0,0,0,0,0,0,0
1,25000,P02,1,0,0,0,0,0,0,0,0,0,0,0
1,40000,P02,1,0,0,0,0,0,0,0,0,0,0,0
1,52500,P02,1,0,0,0,0,0,0,0,0,0,0,0
1,67500,P02,1,0,0,0,0,0,0,0,0,0,0,0
1,107500,P02,1,0,0,1,0,0,0,0,0,0,0,0
1,112500,P02,1,0,0,0,0,0,0,0,0,0,0,0
1,130000,P02,1,0,0,1,0,0,0,0,0,0,0,0
1,152500,P02,1,0,0,0,0,0,0,0,0,0,0,0
1,155000,P02,0,0,0,1,0,0,0,0,0,0,0,0
1,195000,P02,0,0,0,1,0,0,0,0,0,0,0,0
1,220000,P02,1,0,0,0,0,0,0,0,0,0,0,0
1,222500,P02,0,0,0,0,0,1,0,0,0,0,0,0
1,225000,P02,1,0,0,0,0,0,0,0,0,0,0,0
1,247500,P02,1,0,0,0,0,0,0,0,0,0,0,0
1,265000,P02,1,0,0,0,0,0,0,0,0,0,0,0
1,270000,P02,1,0,0,0,0,0,0,0,0,0,0,0
1,285000,P02,1,0,0,1,0,0,0,0,0,0,0,0
1,327500,P02,1,0,0,1,1,0,0,0,0,0,0,0
1,340000,P02,0,0,0,1,0,0,0,0,0,0,0,0
1,342500,P02,1,0,0,0,0,0,0,0,0,0,0,0
1,360000,P02,1,0,0,0,0,0,0,0,0,0,0,0
1,375000,P02,1,0,0,1,0,0,0,0,0,0,0,0
1,387500,P02,1,0,0,0,0,0,0,0,0,0,0,0
1,395000,P02,1,0,0,0,0,0,0,0,0,0,0,0
1,430000,P02,1,0,0,1,0,0,0,0,0,0,0,0
1,450000,P02,1,0,0,0,0,0,0,0,0,0,0,0
1,480000,P02,1,0,0,1,0,0,0,0,0,0,0,0
1,507500,P02,1,0,0,1,0,0,0,0,0,0,0,0
1,520000,P02,1,0,0,0,0,0,0,0,0,0,0,0
1,527500,P02,0,0,0,0,0,0,1,0,0,0,0,0
1,537500,P02,1,0,0,0,0,0,0,0,0,0,0,0
1,552500,P02,1,0,0,1,0,0,0,0,0,0,0,0
1,577500,P02,0,0,0,0,0,0,1,0,0,0,0,0
1,587500,P02,1,0,0,1,0,0,0,0,0,0,0,0
1,602500,P02,1,0,0,0,0,0,0,0,0,0,0,0
1,615000,P02,1,0,0,0,0,0,0,0,0,0,0,0
1,625000,P02,1,0,0,0,0,0,0,0,0,0,0,0
1,642500,P02,1,0,0,0,0,0,0,0,0,0,0,0
1,647500,P02,0,0,0,1,0,0,0,0,0,0,0,0
1,655000,P02,1,0,0,0,0,0,0,0,0,0,0,0
1,677500,P02,0,0,0,0,0,1,0,0,0,0,0,0
1,687500,P02,0,1,0,0,0,0,1,0,0,0,0,0
1,722500,P02,0,0,0,1,0,0,0,0,0,0,0,0
1,725000,P02,1,0,0,0,0,0,0,0,0,0,0,0
1,750000,P02,0,0,0,0,0,1,0,0,0,0,0,0
1,755000,P02,0,0,0,0,0,1,0,0,0,0,0,0
1,765000,P02,1,0,0,0,0,0,0,0,0,0,0,0
1,767500,P02,0,0,0,0,0,1,0,0,0,0,0,0
1,795000,P02,0,0,0,1,0,0,0,0,0,0,0,0
1,805000,P02,1,0,0,1,0,0,0,0,0,0,0,0
1,825000,P02,0,0,0,1,0,0,0,0,0,0,0,0
1,827500,P02,1,0,0,0,0,0,0,0,0,0,0,0
1,840000,P02,0,0,0,1,0,0,0,0,0,0,0,0
1,852500,P02,1,0,0,0,0,0,0,0,0,0,0,0
1,887500,P02,1,0,0,0,0,0,0,0,0,0,0,0
1,900000,P02,1,1,0,1,1,0,0,0,0,0,0,0
1,937500,P02,1,0,0,0,0,0,0,0,0,0,0,0
1,1007500,P02,1,0,0,0,0,0,0,0,0,0,0,0
1,1017500,P02,1,0,0,1,0,1,0,0,0,0,0,0
1,1027500,P02,1,0,0,0,0,0,0,0,0,0,0,0
1,1032500,P02,1,0,0,0,0,0,0,0,0,0,0,0
1,1057500,P02,1,0,0,0,0,0,0,0,0,0,0,0
1,1075000,P02,1,0,0,0,0,0,0,0,0,0,0,0
1,1077500,P02,0,0,0,1,0,0,0,0,0,0,0,0
1,1112500,P02,1,0,0,0,0,0,0,0,0,0,0,0
2,1072500,P02,0,0,0,0,0,0,1,0,0,0,0,0
5,517500,P02,0,0,0,1,0,0,0,0,0,0,0,0
6,47500,P02,0,0,0,0,0,0,1,0,0,0,0,0
6,97500,P02,0,0,0,0,0,0,1,0,0,0,0,0
6,102500,P02,0,0,0,0,0,0,1,0,0,0,0,0
6,127500,P02,1,0,0,1,0,0,0,0,0,0,0,0
6,145000,P02,0,0,0,0,0,0,1,0,0,0,0,0
6,177500,P02,0,0,0,0,0,0,1,0,0,0,0,0
6,217500,P02,0,0,0,0,0,0,1,0,0,0,0,0
6,282500,P02,0,0,0,0,0,0,1,0,0,0,0,0
6,335000,P02,0,0,0,0,0,0,1,0,0,0,0,0
6,525000,P02,0,0,0,0,0,0,1,0,0,0,0,0
6,575000,P02,0,0,0,0,0,0,1,0,0,1,0,0
6,685000,P02,0,0,0,0,0,0,1,0,0,0,0,0
6,792500,P02,0,0,0,0,0,0,1,0,0,0,0,0
6,892500,P02,0,0,1,0,0,0,0,0,0,0,0,0
6,897500,P02,0,0,1,0,0,0,1,0,0,1,0,0
7,50000,P02,0,0,0,0,0,0,1,0,0,0,0,0
7,100000,P02,0,0,0,0,0,0,1,0,0,0,0,0
7,107500,P02,0,0,0,0,0,0,1,0,0,0,0,0
7,180000,P02,0,0,0,0,0,0,1,0,0,0,0,0
7,220000,P02,0,0,0,0,0,0,1,0,0,0,0,0
7,285000,P02,0,0,0,0,0,0,1,0,0,0,0,0
7,337500,P02,0,0,0,0,0,0,1,0,0,0,0,0
7,577500,P02,0,0,0,0,0,0,0,0,0,1,0,0
7,757500,P02,0,0,0,0,0,0,1,0,0,0,0,0
7,797500,P02,0,0,0,0,0,0,1,0,0,0,0,0
7,895000,P02,0,0,1,0,0,0,0,0,0,0,0,0
7,900000,P02,0,0,1,0,0,0,1,0,0,1,0,0
7,1045000,P02,1,0,0,0,0,0,0,0,0,0,0,0
7,1117500,P02,1,0,0,0,0,0,0,0,0,0,0,0
2,962500,P03,0,0,0,1,0,0,0,0,0,0,0,0
3,7500,P03,0,0,0,1,0,0,0,0,0,0,0,0
3,1117500,P03,1,0,0,0,0,0,0,0,0,0,0,0
5,1142500,P03,0,0,0,0,0,1,0,0,0,0,0,0
6,0,P03,0,0,0,0,0,1,0,0,0,0,0,0
6,1140000,P03,0,0,0,0,0,1,0,0,0,0,0,0
7,5000,P03,0,0,0,0,0,1,0,0,0,0,0,0
7,702500,P03,0,0,0,1,0,0,0,0,0,0,0,0
7,877500,P03,0,0,0,1,0,0,0,0,0,0,0,0
0,680000,P04,0,0,0,0,0,1,0,0,0,0,0,0
4,682500,P04,0,0,0,0,0,0,0,0,0,1,0,0
6,47500,P04,0,0,0,0,0,0,0,0,0,1,0,0
6,767500,P04,0,0,0,0,0,0,0,0,0,1,0,0
7,50000,P04,0,0,0,0,0,0,0,0,0,1,0,0
7,305000,P04,0,0,0,0,0,0,0,0,0,1,0,0
7,682500,P04,0,0,0,0,0,1,0,0,0,0,0,0
7,685000,P04,0,0,0,0,0,0,0,0,0,1,0,0
7,770000,P04,0,0,0,0,0,0,0,0,0,1,0,0
0,532500,P05,0,0,0,1,0,0,0,0,0,0,0,0
0,577500,P05,0,0,0,1,0,0,0,0,0,0,0,0
0,707500,P05,0,0,0,1,0,0,0,0,0,0,0,0
0,725000,P05,1,0,0,0,0,0,0,0,0,0,0,0
0,760000,P05,0,1,0,0,0,0,0,0,0,0,0,0
1,542500,P05,0,0,0,1,0,0,0,0,0,0,0,0
1,715000,P05,1,0,0,0,0,0,0,0,0,0,0,0
1,980000,P05,0,0,0,0,1,0,0,0,0,0,0,0
1,1072500,P05,0,0,1,0,0,0,0,0,0,0,0,0
2,725000,P05,0,0,0,1,0,0,0,0,0,0,1,0
2,752500,P05,1,0,0,1,0,0,1,0,0,0,0,0
2,780000,P05,0,0,0,1,0,0,0,0,0,0,0,0
2,945000,P05,0,0,0,0,0,0,0,0,1,0,0,0
3,727500,P05,1,0,0,0,0,0,0,0,0,1,0,0
3,1085000,P05,0,0,0,0,1,0,0,0,0,0,0,0
4,560000,P05,1,0,0,0,0,0,0,0,0,0,0,0
4,577500,P05,1,0,0,0,0,0,0,0,0,0,0,0
4,665000,P05,1,0,0,0,0,0,0,0,0,0,0,0
4,875000,P05,0,1,0,0,0,0,0,0,0,0,0,0
4,997500,P05,0,1,0,0,0,0,0,0,0,0,0,0
4,1070000,P05,0,0,0,0,1,0,0,0,0,0,0,0
4,1075000,P05,0,0,0,0,1,0,0,0,0,0,0,0
5,292500,P05,0,0,0,1,0,0,0,0,0,0,0,0
5,877500,P05,0,1,0,0,0,0,0,0,0,0,0,0
5,1072500,P05,0,0,0,0,1,0,0,0,0,0,0,0
6,210000,P05,1,0,0,1,0,0,0,0,0,0,0,0
6,475000,P05,0,0,0,0,1,0,0,0,0,0,0,0
6,677500,P05,1,0,0,0,0,0,0,0,0,0,0,0
6,725000,P05,0,0,0,0,0,0,0,0,0,1,0,0
6,750000,P05,0,0,1,0,0,0,0,0,0,0,0,0
6,760000,P05,0,0,0,0,0,0,0,0,0,1,0,0
6,1095000,P05,0,0,0,0,0,0,0,0,0,1,0,0
7,207500,P05,1,0,0,0,0,0,0,0,0,0,0,0
7,727500,P05,0,0,0,1,0,0,0,0,0,0,0,0
7,752500,P05,0,0,1,0,0,0,0,0,0,0,0,0
7,755000,P05,0,0,0,0,0,0,1,0,0,0,0,0
7,765000,P05,0,0,0,0,1,0,0,0,0,1,0,0
7,1097500,P05,0,0,0,0,0,0,0,0,0,1,0,0
0,15000,P06,0,0,1,0,0,1,0,0,0,0,0,0
0,45000,P06,1,0,0,0,0,0,0,0,0,0,0,0
0,52500,P06,0,0,0,1,0,0,0,0,0,0,0,0
0,60000,P06,0,0,1,0,0,0,0,0,0,0,0,0
0,72500,P06,0,0,0,0,0,1,0,0,0,0,0,0
0,77500,P06,0,0,0,1,0,0,0,0,0,0,0,0
0,85000,P06,0,0,0,1,0,0,0,0,0,0,0,0
0,107500,P06,1,0,0,1,0,0,0,0,0,0,0,0
0,112500,P06,0,0,0,1,0,0,0,0,0,0,0,0
0,115000,P06,0,0,0,0,0,0,0,0,1,0,0,0
0,122500,P06,1,0,0,0,0,0,0,0,0,0,0,0
0,132500,P06,1,0,0,1,0,0,0,0,0,0,0,0
0,142500,P06,0,0,0,0,0,1,0,0,0,0,0,0
0,160000,P06,1,0,0,0,0,0,0,0,0,0,0,0
0,222500,P06,0,0,0,0,0,0,0,0,0,0,1,0
0,230000,P06,0,0,0,1,0,0,0,0,0,0,0,0
0,232500,P06,1,0,0,0,0,0,0,0,0,0,0,0
0,247500,P06,1,0,0,0,0,0,0,0,0,0,0,0
0,265000,P06,1,0,0,1,0,0,0,0,0,0,0,0
0,270000,P06,0,0,0,0,0,0,0,0,0,1,0,0
0,282500,P06,1,0,0,0,0,0,0,0,0,0,0,0
0,300000,P06,0,0,0,0,0,1,0,0,0,0,0,0
0,325000,P06,0,0,0,1,0,0,0,0,0,0,0,0
0,355000,P06,1,0,0,0,0,0,0,0,0,0,0,0
0,385000,P06,0,0,1,0,0,0,0,0,0,0,0,0
0,392500,P06,0,0,1,0,0,0,0,0,0,0,1,0
0,407500,P06,0,0,0,1,0,0,0,0,0,0,0,0
0,410000,P06,0,0,0,0,0,1,0,0,0,0,0,0
0,415000,P06,0,0,0,0,0,0,0,0,0,0,1,0
0,417500,P06,0,0,0,0,0,0,0,0,1,0,0,0
0,437500,P06,1,0,0,0,0,0,0,0,0,0,0,0
0,475000,P06,0,0,0,1,0,0,0,0,0,0,0,0
0,482500,P06,1,0,0,1,0,0,0,0,0,0,1,0
0,515000,P06,1,0,0,0,0,0,0,1,0,0,0,0
0,522500,P06,0,0,0,1,0,0,0,0,0,0,0,0
0,560000,P06,0,0,0,0,0,0,0,1,0,0,1,0
0,567500,P06,0,0,0,0,1,0,0,0,0,0,0,0
0,580000,P06,0,0,0,1,1,0,0,0,0,0,0,0
0,615000,P06,0,0,0,1,0,0,0,0,0,0,0,0
0,620000,P06,1,0,0,0,0,0,0,0,0,0,0,0
0,640000,P06,0,0,0,1,0,0,0,0,0,0,0,0
0,642500,P06,0,0,1,0,0,0,0,0,0,0,0,0
0,665000,P06,0,0,0,1,0,0,0,0,0,0,0,0
0,667500,P06,1,0,0,0,0,0,0,1,0,0,1,0
0,680000,P06,0,0,0,1,0,0,0,0,0,0,0,0
0,692500,P06,1,0,0,0,0,0,0,0,0,0,0,0
0,697500,P06,1,0,0,0,0,0,0,0,0,0,0,0
0,702500,P06,1,0,0,1,0,0,0,0,0,0,0,0
0,707500,P06,1,0,0,0,0,0,0,0,0,0,0,0
0,717500,P06,0,0,0,1,0,0,0,0,0,0,0,0
0,722500,P06,0,0,0,1,0,0,0,0,0,0,0,0
0,725000,P06,1,0,0,0,0,0,0,0,0,0,0,0
0,730000,P06,0,1,0,0,0,0,0,0,0,0,0,0
0,732500,P06,0,0,0,1,0,0,0,0,0,0,0,0
0,842500,P06,0,0,1,0,0,0,0,0,0,0,0,0
0,880000,P06,0,0,0,1,0,0,0,0,0,0,0,0
0,937500,P06,0,0,0,0,0,1,0,0,0,0,0,0
0,985000,P06,0,0,0,1,0,0,0,0,0,0,0,0
0,1015000,P06,1,0,0,0,0,0,0,0,0,0,0,0
0,1035000,P06,0,0,0,1,0,0,0,0,0,0,0,0
1,35000,P06,0,0,1,0,0,0,0,0,0,0,0,0
1,45000,P06,0,0,0,1,0,0,0,0,0,0,0,0
1,55000,P06,0,0,0,1,0,0,0,0,0,0,0,0
1,70000,P06,0,0,0,0,0,1,0,0,0,0,0,0
1,80000,P06,0,0,0,1,0,0,0,0,0,0,0,0
1,110000,P06,0,0,0,1,0,0,0,0,0,0,0,0
1,115000,P06,1,0,0,1,0,0,0,0,0,0,0,0
1,125000,P06,1,0,0,0,0,0,0,0,0,0,0,0
1,137500,P06,0,0,0,1,0,0,0,0,0,0,0,0
1,145000,P06,1,0,0,0,0,0,0,0,0,0,0,0
1,172500,P06,0,0,0,0,0,0,0,0,1,0,0,0
1,197500,P06,0,0,0,1,0,0,0,0,0,0,0,0
1,200000,P06,1,0,0,0,0,0,0,0,0,0,0,0
1,217500,P06,1,0,0,0,0,0,0,0,0,0,0,0
1,225000,P06,1,0,0,0,0,0,0,0,0,0,0,0
1,275000,P06,0,0,0,0,0,0,0,0,0,1,1,0
1,285000,P06,1,0,0,0,0,0,0,0,0,0,0,0
1,292500,P06,0,0,1,0,0,0,0,0,0,0,0,0
1,295000,P06,0,0,0,1,0,0,0,0,0,0,0,0
1,317500,P06,0,0,0,0,0,1,0,0,0,0,0,0
1,327500,P06,0,0,0,1,0,0,0,0,0,0,0,0
1,382500,P06,0,0,1,0,0,0,0,0,0,0,0,0
1,390000,P06,0,0,1,0,0,0,0,0,0,0,0,0
1,395000,P06,0,0,1,0,0,0,0,0,0,0,0,0
1,412500,P06,0,0,1,1,0,0,0,0,0,0,0,0
1,445000,P06,1,0,0,0,0,0,0,0,0,0,0,0
1,470000,P06,1,0,0,0,0,0,0,0,0,0,0,0
1,472500,P06,0,0,0,0,0,0,1,0,0,0,0,0
1,477500,P06,0,0,0,1,0,0,0,0,0,0,0,0
1,497500,P06,0,0,0,1,0,0,1,0,0,1,1,0
1,517500,P06,1,0,0,0,0,0,0,0,0,0,0,0
1,527500,P06,0,0,0,1,0,0,0,0,0,0,0,0
1,555000,P06,0,0,0,0,0,0,0,0,0,1,0,0
1,562500,P06,0,0,0,0,0,0,0,1,0,0,1,0
1,572500,P06,0,1,0,0,0,0,0,0,0,0,0,0
1,585000,P06,0,0,0,1,0,0,0,0,0,0,0,0
1,632500,P06,1,0,0,0,0,0,0,0,0,0,0,0
1,645000,P06,1,0,0,1,0,0,0,0,0,0,0,0
1,670000,P06,1,0,0,0,0,0,0,0,0,0,0,0
1,682500,P06,0,0,0,1,0,0,0,0,0,0,0,0
1,695000,P06,1,0,0,0,0,0,0,0,0,0,0,0
1,700000,P06,1,0,0,0,0,0,0,0,0,0,0,0
1,705000,P06,1,0,0,1,0,0,0,0,0,0,0,0
1,720000,P06,1,0,0,1,0,0,0,0,0,1,0,0
1,727500,P06,0,0,0,0,0,0,0,0,0,0,1,0
1,735000,P06,0,0,0,1,0,0,0,0,0,0,0,0
1,807500,P06,0,0,0,0,0,0,0,0,0,1,0,0
1,840000,P06,0,0,1,0,0,0,0,0,0,0,0,0
1,890000,P06,0,0,0,0,0,1,0,0,0,0,0,0
1,892500,P06,0,0,0,0,0,0,0,1,0,0,0,0
1,947500,P06,0,0,0,1,0,0,0,0,0,0,0,0
1,950000,P06,0,0,0,0,0,1,0,0,0,0,0,0
1,957500,P06,0,0,0,1,0,0,0,0,0,0,0,0
1,1045000,P06,0,0,1,0,0,0,0,0,0,0,0,0
2,230000,P06,0,1,0,0,0,0,0,0,0,0,0,0
2,247500,P06,0,1,0,1,0,0,0,0,0,0,0,0
2,477500,P06,0,0,0,0,0,1,0,0,0,0,0,0
2,490000,P06,0,0,0,1,0,0,0,0,0,1,0,0
2,725000,P06,0,0,0,0,0,0,0,0,0,0,1,0
2,795000,P06,0,0,1,0,0,0,0,0,0,0,0,0
2,802500,P06,0,0,1,0,0,0,0,0,0,0,0,0
2,807500,P06,0,0,1,0,0,0,0,0,0,0,0,0
2,830000,P06,0,0,1,0,0,0,0,0,0,0,0,0
2,890000,P06,0,0,1,0,0,0,0,0,0,0,0,0
2,997500,P06,0,0,0,0,0,1,0,0,0,0,0,0
3,92500,P06,0,0,0,1,0,0,0,0,0,0,0,0
3,232500,P06,0,1,0,0,0,0,0,0,0,0,0,0
3,240000,P06,0,0,0,1,0,0,0,0,0,0,0,0
3,250000,P06,0,1,0,0,0,0,0,0,0,0,0,0
3,252500,P06,1,0,0,1,0,0,0,0,0,0,0,0
3,297500,P06,0,0,0,0,0,0,1,0,0,0,0,0
3,367500,P06,0,0,1,0,0,0,0,0,0,0,0,0
3,485000,P06,1,0,0,1,0,0,0,0,0,0,0,0
3,517500,P06,0,0,1,0,0,0,0,0,0,0,0,0
3,560000,P06,1,0,0,0,0,0,0,0,0,0,0,0
3,735000,P06,1,0,0,0,0,0,0,0,0,0,0,0
3,775000,P06,0,0,1,0,0,0,0,0,0,0,0,0
3,797500,P06,0,0,1,0,0,0,0,0,0,0,0,0
3,805000,P06,0,0,1,0,0,0,0,0,0,0,0,0
3,810000,P06,0,0,1,0,0,0,0,0,0,0,0,0
3,880000,P06,0,0,1,0,0,0,0,0,0,0,0,0
3,892500,P06,0,0,1,0,0,0,0,0,0,0,0,0
3,995000,P06,0,0,0,0,0,1,0,0,0,0,0,0
3,1057500,P06,0,0,1,1,0,0,0,0,0,0,0,0
4,215000,P06,0,1,0,0,0,0,0,0,0,0,0,0
4,380000,P06,0,0,0,0,1,0,0,0,0,0,0,0
4,475000,P06,0,1,0,0,0,0,0,0,0,0,0,0
4,522500,P06,0,0,0,0,1,0,0,0,0,0,0,0
4,762500,P06,0,0,1,0,0,0,0,0,0,0,0,0
4,875000,P06,0,0,1,0,0,0,0,0,0,0,0,0
4,987500,P06,0,0,0,0,0,1,0,0,0,0,0,0
4,1047500,P06,0,0,0,0,0,1,0,0,0,0,0,0
5,220000,P06,0,1,0,0,0,0,0,0,0,0,0,0
5,240000,P06,1,0,0,0,0,0,0,0,0,0,0,0
5,267500,P06,0,0,0,1,0,0,0,0,0,0,0,0
5,360000,P06,1,0,0,0,0,0,0,0,0,0,0,0
5,630000,P06,0,0,0,1,0,0,0,0,0,0,0,0
5,667500,P06,0,0,0,1,0,0,0,0,0,0,0,0
5,725000,P06,0,0,0,1,0,0,0,0,0,0,0,0
5,737500,P06,0,1,0,0,0,0,0,0,0,0,0,0
5,870000,P06,0,0,1,0,0,0,0,0,0,0,0,0
5,872500,P06,0,0,0,0,1,0,0,0,0,0,0,0
5,882500,P06,0,0,0,1,0,0,0,0,0,0,0,0
5,982500,P06,0,0,0,0,0,0,1,0,0,0,0,0
5,987500,P06,0,0,0,1,0,0,0,0,0,0,0,0
6,32500,P06,0,0,1,0,0,0,0,0,0,0,0,0
6,47500,P06,0,0,1,0,0,0,0,0,0,0,0,0
6,72500,P06,1,0,0,0,0,0,0,0,0,0,0,0
6,112500,P06,0,0,1,0,0,0,0,0,0,0,0,0
6,217500,P06,0,0,1,0,0,0,0,0,0,0,0,0
6,290000,P06,0,0,1,0,0,0,0,0,0,0,0,0
6,292500,P06,0,0,0,1,0,0,0,0,0,0,0,0
6,295000,P06,0,0,0,0,0,0,1,0,0,0,0,0
6,330000,P06,0,0,0,0,0,0,0,0,0,0,1,0
6,407500,P06,0,0,1,0,0,0,0,0,0,0,0,0
6,430000,P06,0,1,0,0,1,0,0,0,0,0,0,0
6,452500,P06,0,1,0,0,1,0,0,0,0,0,0,0
6,552500,P06,0,0,0,0,0,0,0,0,0,1,0,0
6,562500,P06,0,0,0,0,0,0,1,0,0,0,0,0
6,640000,P06,0,0,0,0,0,0,1,0,0,0,0,0
6,662500,P06,0,1,0,0,0,0,0,0,0,0,0,0
6,692500,P06,0,0,0,0,0,0,1,0,0,0,0,0
6,717500,P06,0,0,0,0,0,0,0,0,0,1,0,0
6,812500,P06,0,0,0,0,1,0,0,0,0,0,0,0
6,890000,P06,0,0,0,0,0,0,1,0,0,0,0,0
6,900000,P06,0,0,0,0,0,0,1,0,0,0,0,0
6,952500,P06,0,0,0,1,0,0,0,0,0,0,0,0
6,1037500,P06,1,0,0,0,0,0,0,0,0,0,0,0
7,42500,P06,0,0,1,0,0,0,0,0,0,0,0,0
7,47500,P06,1,0,0,0,0,0,0,0,0,0,0,0
7,55000,P06,0,0,0,0,1,0,0,0,0,0,0,0
7,77500,P06,0,0,1,0,0,0,0,0,0,0,0,0
7,80000,P06,0,0,0,0,0,1,0,0,0,0,0,0
7,137500,P06,1,0,0,0,0,0,0,0,0,0,0,0
7,220000,P06,0,0,1,0,0,0,0,0,0,0,0,0
7,225000,P06,0,0,0,0,0,0,0,0,0,0,1,0
7,335000,P06,0,0,0,0,0,0,0,0,0,0,1,0
7,400000,P06,0,0,0,0,0,0,0,0,0,0,1,0
7,420000,P06,0,0,0,0,0,0,0,0,0,0,1,0
7,432500,P06,0,1,0,0,0,0,0,0,0,0,0,0
7,450000,P06,0,0,0,0,1,0,0,0,0,0,0,0
7,455000,P06,0,1,0,0,0,0,0,0,0,0,0,0
7,480000,P06,0,1,0,0,1,0,0,0,0,0,0,0
7,517500,P06,0,0,0,0,0,1,0,1,0,0,0,0
7,570000,P06,0,0,0,0,1,0,0,0,0,0,0,0
7,585000,P06,0,0,0,0,1,0,0,0,0,0,0,0
7,610000,P06,0,0,0,0,0,0,0,0,0,0,1,0
7,622500,P06,0,0,0,0,0,0,0,1,0,0,1,0
7,645000,P06,0,0,1,0,0,0,0,0,0,1,0,0
7,667500,P06,0,1,0,0,0,0,0,0,0,0,0,0
7,670000,P06,0,0,0,0,0,0,0,1,0,0,1,0
7,695000,P06,0,0,0,0,0,0,1,0,0,0,0,0
7,892500,P06,0,0,0,0,0,0,1,0,0,0,0,0
7,905000,P06,0,0,0,0,0,0,1,0,0,0,0,0
7,965000,P06,0,0,0,0,0,1,0,0,0,0,0,0
7,977500,P06,0,0,0,0,0,1,0,0,0,0,0,0
7,1000000,P06,0,0,0,0,0,1,0,0,0,0,0,0
7,1002500,P06,0,0,1,0,0,0,0,0,0,0,0,0
7,1017500,P06,0,0,1,0,0,0,0,0,0,0,0,0
7,1047500,P06,1,0,0,0,0,0,0,0,0,0,0,0
0,60000,P07,0,0,0,1,0,0,0,0,0,0,0,0
0,67500,P07,1,0,0,1,0,0,0,0,0,0,0,0
0,260000,P07,0,0,0,1,0,0,0,0,0,0,0,0
0,310000,P07,0,0,0,1,0,0,0,0,0,0,0,0
0,347500,P07,0,0,0,1,0,0,0,0,0,0,0,0
1,62500,P07,0,0,0,1,0,0,0,0,0,0,0,0
1,70000,P07,0,0,0,1,0,0,0,0,0,0,0,0
1,235000,P07,0,0,0,0,0,1,0,0,0,0,0,0
1,262500,P07,0,0,0,1,0,0,0,0,0,0,0,0
1,335000,P07,0,0,0,1,0,0,0,0,0,0,0,0
1,350000,P07,0,0,0,0,0,0,0,0,1,0,0,0
1,352500,P07,0,0,0,1,0,0,0,0,0,0,0,0
2,217500,P07,0,0,0,0,0,1,0,0,0,0,0,0
2,220000,P07,0,0,1,0,0,0,0,0,0,0,0,0
4,232500,P07,0,0,1,0,0,0,0,0,0,0,0,0
6,230000,P07,0,0,0,0,0,1,0,0,0,0,0,0
7,222500,P07,0,0,1,0,0,1,0,0,0,0,0,0
7,235000,P07,0,0,1,0,0,0,0,0,0,0,0,0
0,52500,P08,0,0,0,1,0,0,0,0,0,0,0,0
0,65000,P08,1,0,0,0,0,0,0,0,0,0,0,0
0,72500,P08,0,0,1,0,0,0,0,0,0,0,0,0
0,85000,P08,0,0,0,1,0,0,0,0,0,0,0,0
0,125000,P08,0,0,0,1,0,0,0,0,0,0,0,0
0,135000,P08,0,0,0,1,0,0,0,0,0,0,0,0
0,167500,P08,0,0,0,1,0,0,0,0,0,0,0,0
0,185000,P08,0,0,0,0,0,0,0,0,0,1,0,0
0,210000,P08,0,0,0,1,0,0,0,0,0,0,0,0
0,260000,P08,0,0,0,1,0,0,0,0,0,0,0,0
0,482500,P08,0,0,0,0,0,1,0,0,0,0,0,0
0,637500,P08,0,0,0,1,0,0,0,0,0,0,0,0
0,645000,P08,0,0,0,1,0,0,0,0,0,0,0,0
0,755000,P08,0,0,0,1,0,0,0,0,0,0,0,0
0,847500,P08,0,0,0,0,0,0,1,0,0,0,0,0
0,972500,P08,0,0,0,1,0,0,0,0,0,0,0,0
0,982500,P08,1,0,0,0,0,0,0,0,0,0,0,0
0,1070000,P08,0,0,0,0,0,1,0,0,0,0,0,0
0,1090000,P08,1,0,0,0,0,0,0,0,0,0,0,0
0,1175000,P08,0,0,0,0,0,1,0,0,0,0,0,0
0,1190000,P08,0,0,0,1,0,0,0,0,0,0,0,0
0,1247500,P08,0,0,0,1,0,0,0,0,0,0,0,0
0,1255000,P08,0,0,0,0,0,1,0,0,0,0,0,0
0,1267500,P08,0,0,0,1,0,0,0,0,0,0,0,0
0,1312500,P08,0,0,0,0,0,0,1,0,0,0,0,0
0,1350000,P08,0,0,0,1,0,0,0,0,0,0,0,0
0,1357500,P08,0,0,0,1,0,0,0,0,0,0,0,0
0,1365000,P08,0,0,0,0,1,0,0,0,0,0,0,0
0,1467500,P08,0,0,0,1,0,0,0,0,0,0,0,0
0,1472500,P08,0,0,0,1,0,0,0,0,0,0,0,0
1,132500,P08,0,0,0,1,0,0,0,0,0,0,0,0
1,170000,P08,0,0,0,1,0,0,0,0,0,0,0,0
1,235000,P08,1,0,0,0,0,0,0,0,0,0,0,0
1,255000,P08,0,0,0,1,0,0,0,0,0,0,0,0
1,265000,P08,0,0,0,1,0,0,0,0,0,0,0,0
1,380000,P08,0,0,0,0,0,0,0,0,0,1,0,0
1,480000,P08,0,0,0,0,0,1,0,0,0,0,0,0
1,547500,P08,0,0,0,0,0,1,0,0,0,0,0,0
1,632500,P08,1,0,0,0,0,0,0,0,0,0,0,0
1,635000,P08,0,0,0,1,0,0,0,0,0,0,0,0
1,642500,P08,0,0,0,1,0,0,0,0,0,0,0,0
1,762500,P08,0,0,0,1,0,0,0,0,0,0,0,0
1,860000,P08,0,0,0,0,0,0,1,0,0,0,0,0
1,867500,P08,0,1,0,0,0,0,0,0,0,0,0,0
1,927500,P08,0,0,0,0,0,0,1,0,0,1,0,0
1,975000,P08,0,0,0,1,0,0,0,0,0,0,0,0
1,1162500,P08,1,0,0,0,0,0,0,0,0,0,0,0
1,1172500,P08,0,0,0,1,0,0,0,0,0,0,0,0
1,1195000,P08,0,0,0,1,0,0,0,0,0,0,0,0
1,1215000,P08,0,0,0,0,0,0,1,0,0,0,0,0
1,1255000,P08,0,0,0,1,0,0,0,0,0,0,0,0
1,1275000,P08,0,0,0,1,0,0,0,0,0,0,0,0
1,1325000,P08,0,0,0,0,0,1,0,0,0,0,0,0
1,1355000,P08,0,0,0,1,0,0,0,0,0,0,0,0
1,1365000,P08,0,0,0,1,0,0,0,0,0,0,0,0
1,1380000,P08,0,0,0,0,1,0,0,0,0,0,0,0
1,1382500,P08,0,0,0,0,0,1,0,0,0,0,0,0
1,1470000,P08,0,0,0,1,0,0,0,0,0,0,0,0
2,345000,P08,0,0,1,0,0,0,0,0,0,0,0,0
2,992500,P08,0,0,0,1,0,0,0,0,0,0,0,0
3,350000,P08,0,0,1,0,0,0,0,0,0,0,0,0
3,990000,P08,0,0,0,1,0,0,0,0,0,0,0,0
3,1080000,P08,0,0,0,0,0,1,0,0,0,0,0,0
4,1197500,P08,0,0,1,0,0,0,0,0,0,0,0,0
4,1205000,P08,0,0,0,0,0,0,1,0,0,0,0,0
4,1212500,P08,0,0,0,0,0,0,1,0,0,0,0,0
4,1435000,P08,0,0,0,0,0,0,1,0,0,0,0,0
4,1440000,P08,0,0,0,0,0,0,0,0,0,1,0,0
4,1462500,P08,0,0,0,0,0,0,0,0,0,1,0,0
5,1195000,P08,0,0,1,0,0,0,0,0,0,0,0,0
5,1210000,P08,0,0,0,0,0,0,1,0,0,0,0,0
5,1445000,P08,0,0,0,0,0,0,0,0,0,1,0,0
5,1460000,P08,0,0,0,0,0,0,0,0,0,1,0,0
6,70000,P08,1,0,0,0,0,0,0,0,0,0,0,0
6,147500,P08,0,0,1,0,0,0,0,0,0,0,0,0
6,377500,P08,0,0,0,0,0,0,0,0,0,1,0,0
6,902500,P08,0,0,0,0,0,0,0,0,0,1,0,0
6,905000,P08,0,0,0,0,0,0,1,0,0,0,0,0
6,987500,P08,0,0,0,1,0,0,0,0,0,0,0,0
6,1087500,P08,0,0,1,0,0,0,0,0,0,0,0,0
6,1280000,P08,0,0,1,0,0,1,0,0,0,0,0,0
6,1320000,P08,0,0,1,0,0,0,0,0,0,0,0,0
6,1357500,P08,0,0,1,0,0,0,0,0,0,0,0,0
6,1455000,P08,0,0,0,0,0,0,0,0,0,1,0,0
7,67500,P08,1,0,0,0,0,0,0,0,0,0,0,0
7,75000,P08,0,0,1,0,0,0,0,0,0,0,0,0
7,150000,P08,0,0,1,0,0,0,0,0,0,0,0,0
7,990000,P08,1,0,0,0,0,0,0,0,0,0,0,0
7,1000000,P08,0,0,0,0,0,0,0,0,0,1,0,0
7,1090000,P08,0,0,1,0,0,0,0,0,0,0,0,0
7,1180000,P08,0,0,0,0,0,1,0,0,0,0,0,0
7,1215000,P08,0,0,1,0,0,0,0,0,0,0,0,0
7,1312500,P08,0,0,1,0,0,0,0,0,0,0,0,0
7,1315000,P08,0,0,0,0,0,0,1,0,0,0,0,0
7,1342500,P08,0,0,1,0,0,0,0,0,0,0,0,0
7,1382500,P08,0,0,1,0,0,0,0,0,0,0,0,0
7,1440000,P08,0,0,0,0,0,0,1,0,0,0,0,0
7,1465000,P08,0,0,0,0,0,0,0,0,0,1,0,0
0,12500,P09,0,0,1,0,0,0,0,0,0,0,0,0
0,37500,P09,1,0,0,1,0,0,0,0,0,0,0,0
0,52500,P09,1,0,0,0,0,0,0,0,0,0,0,0
0,120000,P09,1,0,0,1,0,0,0,0,0,0,0,0
0,125000,P09,1,0,0,0,0,0,0,0,0,0,0,0
0,145000,P09,1,0,0,0,0,0,0,0,0,0,0,0
0,157500,P09,1,0,0,0,0,0,0,0,0,0,0,0
0,175000,P09,1,0,0,0,0,0,0,0,0,0,0,0
0,230000,P09,1,0,0,0,0,0,0,0,0,0,0,0
0,237500,P09,0,1,0,0,0,0,0,0,0,0,0,0
0,242500,P09,0,0,0,1,0,0,0,0,0,0,0,0
0,250000,P09,0,0,0,1,0,0,0,0,0,0,0,0
0,295000,P09,0,0,1,0,0,0,0,0,0,0,0,0
0,315000,P09,0,0,1,0,0,0,0,0,0,0,0,0
0,335000,P09,0,0,1,0,0,0,0,0,0,0,0,0
0,400000,P09,0,0,0,0,0,0,0,0,1,0,0,0
0,517500,P09,1,0,0,0,0,0,0,0,0,0,0,0
0,547500,P09,0,0,0,0,0,1,0,0,0,0,0,0
0,712500,P09,1,0,0,0,0,0,0,0,0,0,0,0
0,750000,P09,0,0,0,1,0,0,0,0,0,0,0,0
0,802500,P09,1,0,0,0,0,0,0,0,0,0,0,0
0,810000,P09,0,0,0,1,0,0,0,0,0,0,0,0
0,1025000,P09,0,0,0,1,0,0,0,0,0,0,0,0
0,1055000,P09,1,0,0,0,0,0,0,0,0,0,0,0
1,10000,P09,0,0,1,0,0,0,0,0,0,0,0,0
1,17500,P09,1,0,0,1,0,0,0,0,0,0,0,0
1,50000,P09,1,0,0,0,0,0,0,0,0,0,0,0
1,52500,P09,0,0,0,1,0,0,0,0,0,0,0,0
1,62500,P09,0,0,0,1,0,0,0,0,0,0,0,0
1,110000,P09,0,0,0,1,0,0,0,0,0,0,0,0
1,122500,P09,1,0,0,0,0,0,0,0,0,0,0,0
1,142500,P09,1,0,0,0,0,0,0,0,0,0,0,0
1,150000,P09,0,0,0,1,0,0,0,0,0,0,0,0
1,155000,P09,1,0,0,0,0,0,0,0,0,0,0,0
1,237500,P09,1,0,0,0,0,0,0,0,0,0,0,0
1,247500,P09,0,0,0,1,0,0,0,0,0,0,0,0
1,382500,P09,0,0,1,0,0,0,0,0,0,0,0,0
1,397500,P09,0,0,0,1,0,0,0,0,0,0,0,0
1,400000,P09,1,0,0,0,0,0,0,0,0,0,0,0
1,447500,P09,0,0,1,0,0,0,0,0,0,0,0,0
1,457500,P09,1,0,0,0,0,0,0,0,0,0,0,0
1,492500,P09,0,0,0,1,0,0,0,0,0,0,0,0
1,527500,P09,1,0,0,0,0,0,0,0,0,0,0,0
1,732500,P09,1,0,0,0,0,0,0,0,0,0,0,0
1,747500,P09,0,0,0,1,0,0,0,0,0,0,0,0
1,790000,P09,0,0,0,1,0,0,0,0,0,0,0,0
1,810000,P09,1,0,0,0,0,0,0,0,0,0,0,0
1,862500,P09,1,0,0,0,0,0,0,0,0,0,0,0
1,875000,P09,0,0,0,1,0,0,0,0,0,0,0,0
1,967500,P09,1,0,0,1,0,0,0,0,0,0,0,0
1,1000000,P09,1,0,0,0,0,0,0,0,0,0,0,0
1,1027500,P09,0,0,0,1,0,0,0,0,0,0,0,0
1,1062500,P09,1,0,0,0,0,0,0,0,0,0,0,0
1,1255000,P09,0,0,0,1,0,0,0,0,0,0,0,0
2,7500,P09,0,0,1,0,0,0,0,0,0,0,0,0
2,182500,P09,0,0,1,0,0,0,0,0,0,0,0,0
3,15000,P09,0,0,1,0,0,0,0,0,0,0,0,0
3,130000,P09,0,0,0,1,0,0,0,0,0,0,0,0
3,177500,P09,0,0,1,0,0,0,0,0,0,0,0,0
3,317500,P09,0,0,1,0,0,0,0,0,0,0,0,0
3,462500,P09,0,0,0,0,0,0,1,0,0,0,0,0
4,172500,P09,0,0,0,1,0,0,0,0,0,0,0,0
4,182500,P09,1,0,0,0,0,0,0,0,0,0,0,0
4,205000,P09,0,0,1,0,0,0,0,0,0,0,0,0
4,215000,P09,0,0,1,0,0,0,0,0,0,0,0,0
4,217500,P09,0,0,0,0,0,0,0,0,0,0,1,0
4,232500,P09,0,0,0,0,0,0,1,0,0,0,0,0
4,235000,P09,0,0,0,0,0,0,0,0,0,1,0,0
4,290000,P09,0,0,0,0,0,0,0,0,0,1,0,0
4,300000,P09,1,0,0,0,0,0,0,0,0,0,0,0
4,337500,P09,0,0,0,0,0,0,1,0,0,0,0,0
4,345000,P09,1,0,0,0,0,0,0,0,0,0,0,0
4,357500,P09,1,0,0,0,0,1,0,0,0,0,0,0
4,360000,P09,0,0,0,1,0,0,0,0,0,0,0,0
4,380000,P09,0,0,0,0,0,0,0,0,0,1,0,0
4,505000,P09,0,0,0,1,0,0,0,0,0,0,0,0
4,702500,P09,0,0,0,0,0,0,1,0,0,0,0,0
4,712500,P09,0,0,0,0,0,0,0,0,0,1,0,0
4,717500,P09,0,1,0,0,1,0,0,0,0,0,0,0
4,787500,P09,0,0,0,1,0,0,0,0,0,0,0,0
5,47500,P09,0,0,0,0,0,1,0,0,0,0,0,0
5,130000,P09,0,0,0,0,0,1,0,0,0,0,0,0
5,165000,P09,1,0,0,1,0,0,0,0,0,0,0,0
5,180000,P09,1,0,0,0,0,0,0,0,0,0,0,0
5,195000,P09,1,0,0,0,0,0,0,0,0,0,0,0
5,202500,P09,0,0,1,0,0,0,0,0,0,0,0,0
5,207500,P09,0,0,1,0,0,0,0,0,0,0,0,0
5,342500,P09,1,0,0,0,0,0,0,0,0,0,0,0
5,355000,P09,0,0,0,0,0,1,0,0,0,0,0,0
5,402500,P09,0,0,0,0,0,0,0,0,0,1,0,0
5,447500,P09,0,0,0,0,0,1,0,0,0,0,0,0
5,502500,P09,0,0,0,1,0,0,0,0,0,0,0,0
5,537500,P09,0,0,0,0,0,0,1,0,0,0,0,0
5,735000,P09,0,0,0,0,1,0,0,0,0,0,0,0
6,0,P09,0,0,0,0,0,0,1,0,0,0,0,0
6,5000,P09,0,0,0,0,0,0,1,0,0,0,0,0
6,12500,P09,1,0,0,1,0,0,0,0,0,0,0,0
6,40000,P09,0,0,0,0,0,0,0,0,0,1,0,0
6,45000,P09,0,0,0,0,0,1,0,0,0,0,0,0
6,125000,P09,0,0,0,0,0,1,0,0,0,0,0,0
6,150000,P09,0,0,0,0,0,0,1,0,0,0,0,0
6,170000,P09,0,0,1,0,0,0,0,0,0,0,0,0
6,177500,P09,0,0,0,0,0,0,1,0,0,0,0,0
6,182500,P09,0,0,0,0,0,0,0,0,0,1,0,0
6,200000,P09,0,0,1,0,0,0,0,0,0,0,0,0
6,235000,P09,1,0,0,0,0,0,0,0,0,0,0,0
6,262500,P09,0,0,0,1,0,0,0,0,0,0,0,0
6,267500,P09,0,0,0,0,0,0,1,0,0,0,0,0
6,280000,P09,0,0,0,1,0,0,0,0,0,0,0,0
6,295000,P09,0,0,0,0,0,0,1,0,0,0,0,0
6,300000,P09,0,0,0,0,0,0,1,0,0,0,0,0
6,322500,P09,0,0,0,0,0,0,1,0,0,0,0,0
6,327500,P09,1,0,0,0,0,0,0,0,0,0,0,0
6,332500,P09,0,0,0,0,0,0,0,0,0,1,0,0
6,340000,P09,1,0,0,0,0,0,0,0,0,0,0,0
6,380000,P09,0,0,1,0,0,1,0,0,0,0,0,0
6,382500,P09,0,0,0,0,0,0,1,0,0,0,0,0
6,387500,P09,1,0,0,0,0,0,0,0,0,0,0,0
6,400000,P09,0,0,0,0,0,0,0,0,0,1,0,0
6,445000,P09,0,0,1,0,0,1,0,0,0,0,0,0
6,447500,P09,1,0,0,0,0,0,0,0,0,0,0,0
6,455000,P09,1,0,0,0,0,0,0,0,0,0,0,0
6,457500,P09,0,0,0,0,0,0,1,0,0,0,0,0
6,460000,P09,0,0,0,0,0,1,0,0,0,0,0,0
6,472500,P09,0,0,0,0,0,0,0,0,0,1,0,0
6,480000,P09,0,0,0,1,0,0,0,0,0,0,0,0
6,492500,P09,0,0,0,0,0,0,0,0,0,1,0,0
6,500000,P09,0,0,0,1,0,0,0,0,0,0,0,0
6,502500,P09,1,0,0,0,0,0,0,0,0,0,0,0
6,520000,P09,0,0,0,0,0,0,0,0,0,1,0,0
6,537500,P09,0,0,0,0,0,0,0,0,0,1,0,0
6,540000,P09,0,0,0,1,0,0,0,0,0,0,0,0
6,582500,P09,1,0,0,0,0,0,0,0,0,0,0,0
6,607500,P09,0,0,0,0,0,0,1,0,0,0,0,0
6,610000,P09,1,0,0,0,0,0,0,0,0,0,0,0
6,632500,P09,0,0,0,0,0,0,1,0,0,0,0,0
6,640000,P09,0,0,0,0,0,0,0,0,0,1,0,0
6,655000,P09,1,0,0,0,0,0,0,0,0,0,0,0
6,692500,P09,0,0,0,0,0,0,0,0,0,1,0,0
6,715000,P09,0,0,0,1,0,0,0,0,0,0,0,0
6,717500,P09,0,0,0,0,0,0,1,0,0,0,0,0
6,755000,P09,0,0,0,1,0,0,0,0,0,0,0,0
6,762500,P09,0,0,0,0,0,0,1,0,0,0,0,0
7,0,P09,1,0,0,1,0,0,0,0,0,0,0,0
7,2500,P09,0,0,0,0,0,0,1,0,0,0,0,0
7,7500,P09,0,0,0,0,0,0,1,0,0,0,0,0
7,40000,P09,0,0,0,1,0,0,0,0,0,0,0,0
7,42500,P09,0,0,0,0,0,1,0,0,0,1,0,0
7,180000,P09,0,0,0,1,0,0,0,0,0,0,0,0
7,185000,P09,0,0,0,0,0,0,0,0,0,1,0,0
7,195000,P09,0,0,1,0,0,0,0,0,0,0,0,0
7,232500,P09,1,0,0,0,0,0,0,0,0,0,0,0
7,260000,P09,0,0,0,1,0,0,0,0,0,0,0,0
7,270000,P09,0,0,0,1,0,0,0,0,0,0,0,0
7,275000,P09,0,0,0,0,0,0,1,0,0,0,0,0
7,297500,P09,0,0,0,0,0,0,1,0,0,0,0,0
7,302500,P09,0,0,1,0,0,0,0,0,0,0,0,0
7,307500,P09,1,0,0,0,0,0,0,0,0,0,0,0
7,322500,P09,0,0,0,0,0,0,0,0,0,1,0,0
7,325000,P09,0,0,0,0,0,0,1,0,0,0,0,0
7,340000,P09,0,0,0,0,0,0,1,0,0,1,0,0
7,347500,P09,1,0,0,0,0,0,0,0,0,0,0,0
7,365000,P09,1,0,0,0,0,0,0,0,0,0,0,0
7,370000,P09,0,0,1,0,0,0,0,0,0,0,0,0
7,385000,P09,0,0,0,0,0,0,0,0,0,1,0,0
7,387500,P09,0,0,0,0,0,1,1,0,0,0,0,0
7,402500,P09,0,0,0,0,0,0,0,0,1,0,0,0
7,465000,P09,0,0,0,0,0,1,0,0,0,0,0,0
7,495000,P09,0,0,0,0,0,0,0,0,0,1,0,0
7,507500,P09,1,0,0,0,0,0,0,0,0,0,0,0
7,530000,P09,0,0,0,0,0,0,0,0,0,1,0,0
7,535000,P09,0,0,0,1,0,0,0,0,0,0,0,0
7,540000,P09,0,0,0,0,0,0,0,0,0,1,0,0
7,542500,P09,0,0,0,1,0,0,0,0,0,0,0,0
7,585000,P09,0,0,0,0,0,1,0,0,0,0,0,0
7,610000,P09,0,0,0,0,0,0,1,0,0,0,0,0
7,635000,P09,0,0,0,0,0,0,1,0,0,0,0,0
7,652500,P09,0,0,0,0,0,0,0,0,0,1,0,0
7,705000,P09,0,0,0,0,0,0,1,0,0,0,0,0
7,715000,P09,0,0,0,0,0,0,0,0,0,1,0,0
7,732500,P09,0,0,0,0,0,0,1,0,0,0,0,0
7,752500,P09,0,0,0,1,0,0,0,0,0,0,0,0
7,757500,P09,0,0,0,0,0,1,0,0,0,0,0,0
7,787500,P09,0,0,0,0,0,0,1,0,0,0,0,0
7,930000,P09,0,0,0,1,0,0,0,0,0,0,0,0
0,57500,P10,1,0,0,0,0,0,0,0,0,0,0,0
0,92500,P10,1,0,0,0,0,0,0,0,0,0,0,0
0,97500,P10,0,0,0,0,0,1,0,0,0,0,0,0
0,127500,P10,1,0,0,0,0,0,0,0,0,0,0,0
0,132500,P10,0,0,0,1,0,0,0,0,0,0,0,0
0,997500,P10,1,0,0,0,0,0,0,0,0,0,0,0
1,7500,P10,0,0,0,0,0,1,0,0,0,0,0,0
1,55000,P10,1,0,0,0,0,0,0,0,0,0,0,0
1,597500,P10,1,0,0,0,0,0,0,0,0,0,0,0
1,762500,P10,0,0,0,0,0,1,0,0,0,0,0,0
1,767500,P10,1,0,0,1,0,0,0,0,0,0,0,0
1,792500,P10,1,0,0,0,0,0,0,0,0,0,0,0
1,887500,P10,1,0,0,1,0,0,0,0,0,0,0,0
1,930000,P10,0,0,0,0,0,0,0,0,1,0,0,0
1,995000,P10,1,0,0,0,0,0,0,0,0,0,0,0
2,5000,P10,0,0,0,0,0,1,0,0,0,0,0,0
2,55000,P10,0,0,0,0,0,0,1,0,0,0,0,0
2,172500,P10,1,0,0,0,0,0,0,0,0,0,0,0
2,355000,P10,0,0,0,0,0,0,0,0,0,1,0,0
2,365000,P10,0,0,0,0,0,0,0,0,0,1,0,0
2,927500,P10,0,0,0,0,0,0,0,0,1,0,0,0
3,20000,P10,0,0,0,1,0,0,0,0,0,0,0,0
3,100000,P10,0,0,0,0,0,1,0,0,0,0,0,0
3,167500,P10,1,0,0,0,0,0,0,0,0,0,0,0
3,172500,P10,0,0,0,1,0,0,0,0,0,0,0,0
3,192500,P10,0,0,0,0,0,1,0,0,0,0,0,0
3,242500,P10,1,0,0,0,0,0,0,0,0,0,0,0
3,315000,P10,0,0,0,0,0,1,0,0,0,0,0,0
3,357500,P10,0,0,0,0,0,0,0,0,0,1,0,0
4,17500,P10,0,0,0,1,0,0,0,0,0,0,0,0
4,45000,P10,1,0,0,0,0,0,0,0,0,0,0,0
4,47500,P10,0,0,0,1,0,0,0,0,0,0,0,0
4,65000,P10,1,0,0,0,0,0,0,0,0,0,0,0
4,67500,P10,0,0,0,1,0,0,0,0,0,0,0,0
4,202500,P10,1,0,0,0,0,0,0,0,0,0,0,0
4,822500,P10,0,0,0,0,1,0,0,0,0,0,0,0
4,882500,P10,0,0,0,1,0,0,0,0,0,0,0,0
4,992500,P10,1,0,0,0,0,0,0,0,0,0,0,0
4,1027500,P10,1,0,0,0,0,0,0,0,0,0,0,0
5,22500,P10,1,0,0,0,0,0,0,0,0,0,0,0
5,62500,P10,1,0,0,0,0,0,0,0,0,0,0,0
5,97500,P10,1,0,0,0,0,0,0,0,0,0,0,0
5,135000,P10,1,0,0,1,0,0,0,0,0,0,0,0
5,195000,P10,1,0,0,0,0,0,0,0,0,0,0,0
5,750000,P10,0,0,0,0,0,0,0,0,0,1,0,0
